bizId,orderId,bikeId,startTimestamp,endTimestamp,distanceMeter,payStatus,showRidingStatus,originFeeCent,actualFeeCent,carbonEmissionsGram,discountDesc,penaltyDesc
1,17636634531511576711933,7316534292,1511576747000,1511577947000,2400,1,0,100,0,111.1,ÓÅ»ÝµÖ¿Û1Ôª,[]
1,17636634531511519176568,8620102600,1511519183000,1511521175000,3960,1,0,200,0,183.3,ÓÅ»ÝµÖ¿Û2Ôª,[]
1,17636634531508926661274,7316576809,1508926667000,1508927245000,1080,1,0,100,100,50.0,,[]
1,17636634531507983295758,7316553495,1507983300000,1507985384000,4080,1,0,200,200,188.9,,[]
1,17636634531507696355737,7316009345,1507696361000,1507697694000,2640,1,0,100,100,122.2,,[]
1,17636634531507678291220,7316009345,1507678298000,1507680958000,5280,1,0,200,200,244.4,,[]
1,17636634531506761995707,7310030398,1506762001000,1506762784000,1560,1,0,100,100,72.2,,[]
1,17636634531639886562698,8651733550,1639886564000,1639889320000,6750,1,0,300,0,328.7,ÆïÐÐ¿¨µÖ¿Û3Ôª,[]
1,17636634531639882740445,8651733550,1639882743000,1639885651000,7200,1,0,300,0,350.6,ÆïÐÐ¿¨µÖ¿Û3Ôª,[]
1,17636634531639822524526,8651892244,1639822527000,1639822869000,750,1,0,150,0,36.5,ÆïÐÐ¿¨µÖ¿Û1.5Ôª,[]
1,17636634531639806969348,8653914845,1639806972000,1639807288000,750,1,0,150,0,36.5,ÆïÐÐ¿¨µÖ¿Û1.5Ôª,[]
1,17636634531639801288490,8653914845,1639801291000,1639801665000,900,1,0,150,0,43.8,ÆïÐÐ¿¨µÖ¿Û1.5Ôª,[]
1,17636634531639787869891,8653909505,1639787872000,1639788175000,750,1,0,150,0,36.5,ÆïÐÐ¿¨µÖ¿Û1.5Ôª,[]
1,17636634531639737041133,8653909505,1639737043000,1639737369000,750,1,0,150,0,36.5,ÆïÐÐ¿¨µÖ¿Û1.5Ôª,[]
1,17636634531639720623441,8652266867,1639720625000,1639720904000,600,1,0,150,0,29.2,ÆïÐÐ¿¨µÖ¿Û1.5Ôª,[]
1,17636634531639714018554,8653792730,1639714020000,1639714256000,450,1,0,150,0,21.9,ÆïÐÐ¿¨µÖ¿Û1.5Ôª,[]
1,17636634531639700369970,8641367613,1639700371000,1639700665000,600,1,0,150,0,29.2,ÆïÐÐ¿¨µÖ¿Û1.5Ôª,[]
1,17636634531640131596052,8641015060,1640131597000,1640132009000,900,1,0,150,0,43.8,ÆïÐÐ¿¨µÖ¿Û1.5Ôª,[]
1,17636634531640082674689,8641015060,1640082676000,1640082999000,750,1,0,150,0,36.5,ÆïÐÐ¿¨µÖ¿Û1.5Ôª,[]
1,17636634531640081801605,8641015060,1640081803000,1640082246000,1050,1,0,150,0,51.1,ÆïÐÐ¿¨µÖ¿Û1.5Ôª,[]
1,17636634531640065971975,8653906522,1640065974000,1640066303883,750,1,0,150,0,36.5,ÆïÐÐ¿¨µÖ¿Û1.5Ôª,[]
1,17636634531640059749485,8652251712,1640059750000,1640060027000,600,1,0,150,0,29.2,ÆïÐÐ¿¨µÖ¿Û1.5Ôª,[]
1,17636634531640045301454,8641012600,1640045303000,1640045710000,900,1,0,150,0,43.8,ÆïÐÐ¿¨µÖ¿Û1.5Ôª,[]
1,17636634531639995836349,8641012600,1639995838000,1639996160000,750,1,0,150,0,36.5,ÆïÐÐ¿¨µÖ¿Û1.5Ôª,[]
1,17636634531639980024664,8653911101,1639980028000,1639980224000,450,1,0,150,0,21.9,ÆïÐÐ¿¨µÖ¿Û1.5Ôª,[]
1,17636634531639973276178,8651733391,1639973278000,1639973578000,750,1,0,150,0,36.5,ÆïÐÐ¿¨µÖ¿Û1.5Ôª,[]
1,17636634531639959596334,8651888427,1639959599000,1639959878000,600,1,0,150,0,29.2,ÆïÐÐ¿¨µÖ¿Û1.5Ôª,[]
1,17636634531640325219433,8641750730,1640325221000,1640325478000,600,1,0,150,0,29.2,ÆïÐÐ¿¨µÖ¿Û1.5Ôª,[]
1,17636634531640319103252,8652289169,1640319105000,1640319440000,750,1,0,150,0,36.5,ÆïÐÐ¿¨µÖ¿Û1.5Ôª,[]
1,17636634531640304694679,8641374974,1640304696000,1640304968000,600,1,0,150,0,29.2,ÆïÐÐ¿¨µÖ¿Û1.5Ôª,[]
1,17636634531640255290317,8641374974,1640255292000,1640255563000,600,1,0,150,0,29.2,ÆïÐÐ¿¨µÖ¿Û1.5Ôª,[]
1,17636634531640238669369,8651888790,1640238671000,1640238973000,750,1,0,150,0,36.5,ÆïÐÐ¿¨µÖ¿Û1.5Ôª,[]
1,17636634531640233334940,8643013958,1640233337000,1640233615000,600,1,0,150,0,29.2,ÆïÐÐ¿¨µÖ¿Û1.5Ôª,[]
1,17636634531640218864981,8641021796,1640218868000,1640219130000,600,1,0,150,0,29.2,ÆïÐÐ¿¨µÖ¿Û1.5Ôª,[]
1,17636634531640168937604,8641021796,1640168940000,1640169253000,750,1,0,150,0,36.5,ÆïÐÐ¿¨µÖ¿Û1.5Ôª,[]
1,17636634531640153840040,8651732916,1640153841000,1640154226000,900,1,0,150,0,43.8,ÆïÐÐ¿¨µÖ¿Û1.5Ôª,[]
1,17636634531640146188679,8651732916,1640146190000,1640146516000,750,1,0,150,0,36.5,ÆïÐÐ¿¨µÖ¿Û1.5Ôª,[]
1,17636634531640945451922,8652191318,1640945455000,1640945740000,600,1,0,150,0,29.2,ÆïÐÐ¿¨µÖ¿Û1.5Ôª,[]
1,17636634531640909426832,8653913642,1640909428000,1640909727000,600,1,0,150,0,29.2,ÆïÐÐ¿¨µÖ¿Û1.5Ôª,[]
1,17636634531640859600574,8653913642,1640859603000,1640860024000,1050,1,0,150,0,51.1,ÆïÐÐ¿¨µÖ¿Û1.5Ôª,[]
1,17636634531640822864576,8641503845,1640822866000,1640823193000,750,1,0,150,0,36.5,ÆïÐÐ¿¨µÖ¿Û1.5Ôª,[]
1,17636634531640773029455,8651892148,1640773031000,1640773364000,750,1,0,150,0,36.5,ÆïÐÐ¿¨µÖ¿Û1.5Ôª,[]
1,17636634531640736435216,8642085701,1640736437000,1640736783000,750,1,0,150,0,36.5,ÆïÐÐ¿¨µÖ¿Û1.5Ôª,[]
1,17636634531640687201166,8643013327,1640687202000,1640687494000,600,1,0,150,0,29.2,ÆïÐÐ¿¨µÖ¿Û1.5Ôª,[]
1,17636634531640650467684,8652251911,1640650469000,1640650714000,600,1,0,150,0,29.2,ÆïÐÐ¿¨µÖ¿Û1.5Ôª,[]
1,17636634531640599998475,8653907983,1640600000000,1640600283000,600,1,0,150,0,29.2,ÆïÐÐ¿¨µÖ¿Û1.5Ôª,[]
1,17636634531640563884358,8641367216,1640563886000,1640564180000,600,1,0,150,0,29.2,ÆïÐÐ¿¨µÖ¿Û1.5Ôª,[]
1,17636634531641600261425,8652267387,1641600261000,1641600733609,1050,1,0,150,0,51.1,ÆïÐÐ¿¨µÖ¿Û1.5Ôª,[]
1,17636634531641550868286,8652267387,1641550871000,1641551210781,750,1,0,150,0,36.5,ÆïÐÐ¿¨µÖ¿Û1.5Ôª,[]
2,17636634531641513769837,8661336704,1641513770000,1641514369550,870,1,0,250,0,47.4,ÆïÐÐ¿¨µÖ¿Û2.5Ôª,[]
1,17636634531641428191657,8641034466,1641428193000,1641428477000,600,1,0,150,0,29.2,ÆïÐÐ¿¨µÖ¿Û1.5Ôª,[]
1,17636634531641377422021,8641034466,1641377424000,1641377798000,900,1,0,150,0,43.8,ÆïÐÐ¿¨µÖ¿Û1.5Ôª,[]
1,17636634531641342115797,8640025583,1641342118000,1641342380000,600,1,0,150,0,29.2,ÆïÐÐ¿¨µÖ¿Û1.5Ôª,[]
1,17636634531641291009689,8640025583,1641291010000,1641291725000,1650,1,0,150,0,80.3,ÆïÐÐ¿¨µÖ¿Û1.5Ôª,[]
1,17636634531641255081330,8643038163,1641255085000,1641255354000,600,1,0,150,0,29.2,ÆïÐÐ¿¨µÖ¿Û1.5Ôª,[]
1,17636634531641035146041,8653908311,1641035146000,1641044167874,10000,1,0,750,150,487.0,ÆïÐÐ¿¨µÖ¿Û6Ôª,[]
1,17636634531641016729869,8653909126,1641016732000,1641020460000,9300,1,0,450,0,452.9,ÆïÐÐ¿¨µÖ¿Û4.5Ôª,[]
1,17636634531642119546773,8651888860,1642119547000,1642119788000,600,1,0,150,0,29.2,ÆïÐÐ¿¨µÖ¿Û1.5Ôª,[]
2,17636634531642079221227,8661547961,1642079223000,1642079516400,900,1,0,100,0,49.0,ÆïÐÐ¿¨µÖ¿Û1Ôª,[]
1,17636634531642032741794,8651890060,1642032743000,1642033019000,600,1,0,150,0,29.2,ÆïÐÐ¿¨µÖ¿Û1.5Ôª,[]
1,17636634531641982283411,8651890060,1641982285000,1641982809000,1200,1,0,150,0,58.4,ÆïÐÐ¿¨µÖ¿Û1.5Ôª,[]
1,17636634531641946208039,8653902233,1641946210000,1641946478000,600,1,0,150,0,29.2,ÆïÐÐ¿¨µÖ¿Û1.5Ôª,[]
1,17636634531641895975569,8653902233,1641895977000,1641896285000,750,1,0,150,0,36.5,ÆïÐÐ¿¨µÖ¿Û1.5Ôª,[]
1,17636634531641859763345,8653907469,1641859766000,1641860102000,750,1,0,150,0,36.5,ÆïÐÐ¿¨µÖ¿Û1.5Ôª,[]
1,17636634531641810189836,8653907469,1641810191000,1641810339000,300,1,0,150,0,14.6,ÆïÐÐ¿¨µÖ¿Û1.5Ôª,[]
1,17636634531641772713092,8651887029,1641772715000,1641773037000,750,1,0,150,0,36.5,ÆïÐÐ¿¨µÖ¿Û1.5Ôª,[]
2,17636634531641636677406,8661578615,1641636677000,1641637155396,1220,1,0,250,0,66.4,ÆïÐÐ¿¨µÖ¿Û2.5Ôª,[]
1,17636634531642551420545,8651744900,1642551423000,1642551703000,600,1,0,150,0,29.2,ÆïÐÐ¿¨µÖ¿Û1.5Ôª,[]
1,17636634531642501749073,8651744900,1642501749000,1642502119000,900,1,0,150,0,43.8,ÆïÐÐ¿¨µÖ¿Û1.5Ôª,[]
1,17636634531642485461328,8640289454,1642485463000,1642485817000,750,1,0,150,0,36.5,ÆïÐÐ¿¨µÖ¿Û1.5Ôª,[]
1,17636634531642479066275,8640289454,1642479068000,1642479353000,600,1,0,150,0,29.2,ÆïÐÐ¿¨µÖ¿Û1.5Ôª,[]
1,17636634531642464988194,8654070071,1642464990000,1642465317000,750,1,0,150,0,36.5,ÆïÐÐ¿¨µÖ¿Û1.5Ôª,[]
1,17636634531642418544211,8654070071,1642418547000,1642419305000,1800,1,0,150,0,87.6,ÆïÐÐ¿¨µÖ¿Û1.5Ôª,[]
1,17636634531642377985029,8651164913,1642377986000,1642378319000,750,1,0,150,0,36.5,ÆïÐÐ¿¨µÖ¿Û1.5Ôª,[]
1,17636634531642249771276,8640093507,1642249775000,1642250082000,750,1,0,150,0,36.5,ÆïÐÐ¿¨µÖ¿Û1.5Ôª,[]
2,17636634531642226474281,8661732528,1642226475000,1642226905169,850,1,0,250,0,46.3,ÆïÐÐ¿¨µÖ¿Û2.5Ôª,[]
2,17636634531642219540755,8661727044,1642219541000,1642219796730,830,1,0,100,0,45.2,ÆïÐÐ¿¨µÖ¿Û1Ôª,[]
1,17636634531643069064600,8641364591,1643069065000,1643069091000,0,1,0,0,0,0.0,,[]
1,17636634531643019757058,8653872381,1643019759000,1643020103000,750,1,0,150,0,36.5,ÆïÐÐ¿¨µÖ¿Û1.5Ôª,[]
1,17636634531642982884769,8653902475,1642982887000,1642983164000,600,1,0,150,0,29.2,ÆïÐÐ¿¨µÖ¿Û1.5Ôª,[]
1,17636634531642760682926,8653900795,1642760685000,1642760986000,750,1,0,150,0,36.5,ÆïÐÐ¿¨µÖ¿Û1.5Ôª,[]
1,17636634531642724137008,8653907651,1642724139000,1642724453000,750,1,0,150,0,36.5,ÆïÐÐ¿¨µÖ¿Û1.5Ôª,[]
1,17636634531642652613046,8640056026,1642652616000,1642652959000,750,1,0,150,0,36.5,ÆïÐÐ¿¨µÖ¿Û1.5Ôª,[]
1,17636634531642637511267,8640209270,1642637518000,1642637851000,750,1,0,150,0,36.5,ÆïÐÐ¿¨µÖ¿Û1.5Ôª,[]
1,17636634531642587524748,8640209270,1642587530000,1642587952000,1050,1,0,150,0,51.1,ÆïÐÐ¿¨µÖ¿Û1.5Ôª,[]
1,17636634531642571792706,8653912135,1642571794000,1642572111000,750,1,0,150,0,36.5,ÆïÐÐ¿¨µÖ¿Û1.5Ôª,[]
1,17636634531642565807132,8653903288,1642565809000,1642566125000,750,1,0,150,0,36.5,ÆïÐÐ¿¨µÖ¿Û1.5Ôª,[]
1,17636634531644278515853,8653801811,1644278518000,1644278945000,1050,1,0,150,0,51.1,ÆïÐÐ¿¨µÖ¿Û1.5Ôª,[]
1,17636634531643344593205,8651889859,1643344594000,1643344945000,750,1,0,150,0,36.5,ÆïÐÐ¿¨µÖ¿Û1.5Ôª,[]
1,17636634531643328873006,8651888752,1643328874000,1643329172000,600,1,0,150,0,29.2,ÆïÐÐ¿¨µÖ¿Û1.5Ôª,[]
1,17636634531643264561890,8653903346,1643264564000,1643264853000,600,1,0,150,0,29.2,ÆïÐÐ¿¨µÖ¿Û1.5Ôª,[]
1,17636634531643255550867,8653903346,1643255552000,1643255828000,600,1,0,150,0,29.2,ÆïÐÐ¿¨µÖ¿Û1.5Ôª,[]
1,17636634531643242037012,8641003394,1643242038000,1643242416000,900,1,0,150,0,43.8,ÆïÐÐ¿¨µÖ¿Û1.5Ôª,[]
1,17636634531643192605366,8641003394,1643192606000,1643192890000,600,1,0,150,0,29.2,ÆïÐÐ¿¨µÖ¿Û1.5Ôª,[]
1,17636634531643155978618,8651733704,1643155980000,1643156424000,1050,1,0,150,0,51.1,ÆïÐÐ¿¨µÖ¿Û1.5Ôª,[]
1,17636634531643106645030,8641488776,1643106647000,1643106976000,750,1,0,150,0,36.5,ÆïÐÐ¿¨µÖ¿Û1.5Ôª,[]
1,17636634531643069147955,8651892747,1643069150000,1643069569000,900,1,0,150,0,43.8,ÆïÐÐ¿¨µÖ¿Û1.5Ôª,[]
1,17636634531644672351261,8653902221,1644672353000,1644672790000,1050,1,0,150,0,51.1,ÆïÐÐ¿¨µÖ¿Û1.5Ôª,[]
1,17636634531644638603952,8654071648,1644638606000,1644639007000,900,1,0,150,0,43.8,ÆïÐÐ¿¨µÖ¿Û1.5Ôª,[]
1,17636634531644625122728,8652270540,1644625125000,1644625806000,1650,1,0,150,0,80.3,ÆïÐÐ¿¨µÖ¿Û1.5Ôª,[]
1,17636634531644575017223,8651890301,1644575019000,1644575127000,150,1,0,150,0,7.3,ÆïÐÐ¿¨µÖ¿Û1.5Ôª,[]
1,17636634531644538849711,8651723421,1644538852000,1644539284000,1050,1,0,150,0,51.1,ÆïÐÐ¿¨µÖ¿Û1.5Ôª,[]
1,17636634531644487773216,8653908930,1644487776000,1644488193000,900,1,0,150,0,43.8,ÆïÐÐ¿¨µÖ¿Û1.5Ôª,[]
1,17636634531644452309675,8653908930,1644452312000,1644452739000,1050,1,0,150,0,51.1,ÆïÐÐ¿¨µÖ¿Û1.5Ôª,[]
1,17636634531644402609819,8653912741,1644402612000,1644403091000,1050,1,0,150,0,51.1,ÆïÐÐ¿¨µÖ¿Û1.5Ôª,[]
1,17636634531644365199431,8653905237,1644365201000,1644365674000,1050,1,0,150,0,51.1,ÆïÐÐ¿¨µÖ¿Û1.5Ôª,[]
1,17636634531644314900869,8653902213,1644314902000,1644315284000,900,1,0,150,0,43.8,ÆïÐÐ¿¨µÖ¿Û1.5Ôª,[]
2,17636634531599394701346,8662680353,1599394704000,1599395961000,3840,1,0,200,0,190.3,ÓÅ»ÝµÖ¿Û2Ôª,[]
1,17636634531563410425427,7316521807,1563410429000,1563410780000,600,1,0,100,100,27.7,,[]
1,17636634531563410359250,7316539760,1563410359000,1563410359000,0,1,0,0,0,0.0,,[]
1,17636634531563410286339,7316539760,1563410306000,1563410306000,0,1,0,0,0,0.0,,[]
1,17636634531563150042195,8620888994,1563150044000,1563152657000,5160,1,0,200,200,238.9,,[]
1,17636634531562032802119,8621282859,1562032802000,1562032802000,0,1,0,0,0,0.0,,[]
1,17636634531562032802121,8621282859,1562032808000,1562033128000,600,1,0,100,100,27.7,,[]
1,17636634531561813709966,8600064769,1561813724000,1561815061000,2640,1,0,100,100,122.2,,[]
1,17636634531537602658761,8608765107,1537602673000,1537604283000,3120,1,0,100,100,144.4,,[]
1,17636634531511596132195,7316534292,1511596138000,1511622557000,10000,1,0,1500,0,463.0,ÓÅ»ÝµÖ¿Û15Ôª,[]
1,17636634531645142989003,8651893086,1645142991000,1645143446000,1050,1,0,150,0,51.1,ÆïÐÐ¿¨µÖ¿Û1.5Ôª,[]
1,17636634531645094939255,8651892950,1645094941000,1645095330000,900,1,0,150,0,43.8,ÆïÐÐ¿¨µÖ¿Û1.5Ôª,[]
1,17636634531645057040021,8651892950,1645057042000,1645057663000,1500,1,0,150,0,73.0,ÆïÐÐ¿¨µÖ¿Û1.5Ôª,[]
1,17636634531645020862191,8651892950,1645020864000,1645021226000,900,1,0,150,0,43.8,ÆïÐÐ¿¨µÖ¿Û1.5Ôª,[]
1,17636634531644989978476,8653914097,1644989981000,1644990467962,1200,1,0,150,0,58.4,ÆïÐÐ¿¨µÖ¿Û1.5Ôª,[]
1,17636634531644920815314,8651893086,1644920818000,1644921391000,1350,1,0,150,0,65.7,ÆïÐÐ¿¨µÖ¿Û1.5Ôª,[]
1,17636634531644833914971,8651890891,1644833916000,1644834570000,1500,1,0,150,0,73.0,ÆïÐÐ¿¨µÖ¿Û1.5Ôª,[]
1,17636634531644818590870,8651890891,1644818593000,1644819023000,1050,1,0,150,0,51.1,ÆïÐÐ¿¨µÖ¿Û1.5Ôª,[]
1,17636634531644749921574,8651890891,1644749923000,1644750405000,1200,1,0,150,0,58.4,ÆïÐÐ¿¨µÖ¿Û1.5Ôª,[]
1,17636634531644749257461,8651890891,1644749258000,1644749627000,900,1,0,150,0,43.8,ÆïÐÐ¿¨µÖ¿Û1.5Ôª,[]
1,17636634531646743828861,8653907004,1646743831000,1646747326000,8700,1,0,300,0,423.6,ÆïÐÐ¿¨µÖ¿Û3Ôª,[]
2,17636634531646699166561,8661722978,1646699168000,1646699741128,1820,1,0,250,0,99.1,ÆïÐÐ¿¨µÖ¿Û2.5Ôª,[]
1,17636634531646655759393,8653907004,1646655761000,1646659200000,8550,1,0,300,0,416.3,ÆïÐÐ¿¨µÖ¿Û3Ôª,[]
2,17636634531646612526309,8661492545,1646612527000,1646613048588,1390,1,0,250,0,75.7,ÆïÐÐ¿¨µÖ¿Û2.5Ôª,[]
1,17636634531646459788029,8653907004,1646459791000,1646460049000,600,1,0,150,0,29.2,ÆïÐÐ¿¨µÖ¿Û1.5Ôª,[]
1,17636634531646445829592,8651746346,1646445832000,1646451970000,15300,1,0,600,0,745.1,ÆïÐÐ¿¨µÖ¿Û6Ôª,[]
1,17636634531646129813140,8641299161,1646129815000,1646130206000,900,1,0,150,0,43.8,ÆïÐÐ¿¨µÖ¿Û1.5Ôª,[]
1,17636634531645488430953,8653908856,1645488432000,1645489008000,1350,1,0,150,0,65.7,ÆïÐÐ¿¨µÖ¿Û1.5Ôª,[]
1,17636634531645265517025,8653912561,1645265520000,1645265783000,600,1,0,150,0,29.2,ÆïÐÐ¿¨µÖ¿Û1.5Ôª,[]
1,17636634531645229695205,8651421591,1645229696000,1645230126000,1050,1,0,150,0,51.1,ÆïÐÐ¿¨µÖ¿Û1.5Ôª,[]
1,17636634531647171316704,8653907004,1647171318000,1647171996000,1650,1,0,150,0,80.3,ÆïÐÐ¿¨µÖ¿Û1.5Ôª,[]
2,17636634531647170104879,8661307635,1647170107000,1647170445422,970,1,0,100,100,52.8,,[]
1,17636634531647149969292,8653907004,1647149971000,1647154186000,10500,1,0,450,0,511.3,ÆïÐÐ¿¨µÖ¿Û4.5Ôª,[]
1,17636634531647079486108,8651419976,1647079487000,1647080023000,1200,1,0,150,0,58.4,ÆïÐÐ¿¨µÖ¿Û1.5Ôª,[]
2,17636634531647044702915,8661410816,1647044707000,1647045148381,1390,1,0,250,250,75.7,,[]
1,17636634531646993604866,8643011798,1646993614000,1646994063000,1050,1,0,150,0,51.1,ÆïÐÐ¿¨µÖ¿Û1.5Ôª,[]
1,17636634531646993552210,8643011798,1646993552216,1646993552216,0,1,0,0,0,0.0,,[]
1,17636634531646907428946,8653911859,1646907431000,1646907724000,600,1,0,150,0,29.2,ÆïÐÐ¿¨µÖ¿Û1.5Ôª,[]
2,17636634531646871920798,8661347289,1646871922000,1646872448900,1490,1,0,250,250,81.2,,[]
1,17636634531646822240876,8653913707,1646822244000,1646822664000,1050,1,0,150,0,51.1,ÆïÐÐ¿¨µÖ¿Û1.5Ôª,[]
1,17636634531647563315563,8651892051,1647563318000,1647563405000,150,1,0,150,0,7.3,ÆïÐÐ¿¨µÖ¿Û1.5Ôª,[]
1,17636634531647515592905,8651892051,1647515595000,1647515744000,300,1,0,150,0,14.6,ÆïÐÐ¿¨µÖ¿Û1.5Ôª,[]
1,17636634531647513713657,8651892051,1647513715000,1647514187000,1050,1,0,150,0,51.1,ÆïÐÐ¿¨µÖ¿Û1.5Ôª,[]
1,17636634531647489863941,8651892051,1647489865000,1647489950000,150,1,0,150,0,7.3,ÆïÐÐ¿¨µÖ¿Û1.5Ôª,[]
2,17636634531647429862131,8661560016,1647429863000,1647430298492,650,1,0,250,250,35.4,,[]
1,17636634531647425390461,8653912290,1647425391000,1647425601000,450,1,0,150,0,21.9,ÆïÐÐ¿¨µÖ¿Û1.5Ôª,[]
1,17636634531647390150887,8653907004,1647390153000,1647390276000,300,1,0,150,0,14.6,ÆïÐÐ¿¨µÖ¿Û1.5Ôª,[]
1,17636634531647338641485,8653907004,1647338643000,1647338741000,150,1,0,150,0,7.3,ÆïÐÐ¿¨µÖ¿Û1.5Ôª,[]
1,17636634531647324028929,8653907004,1647324030000,1647324123000,150,1,0,150,0,7.3,ÆïÐÐ¿¨µÖ¿Û1.5Ôª,[]
1,17636634531647253987507,8652272355,1647253988000,1647254077000,150,1,0,150,0,7.3,ÆïÐÐ¿¨µÖ¿Û1.5Ôª,[]
2,17636634531654519951062,8661336851,1654519972000,1654520750832,2090,1,0,250,150,113.9,ÆïÐÐ¿¨µÖ¿Û1Ôª,[]
2,17636634531654512886409,8661336851,1654512920000,1654513956468,2850,1,0,250,250,155.3,,[]
2,17636634531652325175622,8661580484,1652325222000,1652325577431,950,1,0,100,100,51.7,,[]
1,17636634531649553724442,8653903813,1649553726000,1649554384000,1500,1,0,150,150,73.0,,[]
1,17636634531648376289138,8653907004,1648376292000,1648377226000,2250,1,0,150,0,109.5,ÆïÐÐ¿¨µÖ¿Û1.5Ôª,[]
1,17636634531648101353095,8641747657,1648101355000,1648101442000,150,1,0,150,0,7.3,ÆïÐÐ¿¨µÖ¿Û1.5Ôª,[]
1,17636634531648096934864,8641747657,1648096935000,1648097058000,300,1,0,150,0,14.6,ÆïÐÐ¿¨µÖ¿Û1.5Ôª,[]
1,17636634531648046004863,8653907004,1648046005000,1648046092000,150,1,0,150,0,7.3,ÆïÐÐ¿¨µÖ¿Û1.5Ôª,[]
1,17636634531647929316286,8653908665,1647929318000,1647929435000,150,1,0,150,0,7.3,ÆïÐÐ¿¨µÖ¿Û1.5Ôª,[]
1,17636634531647924256897,8653908665,1647924258000,1647924387000,300,1,0,150,0,14.6,ÆïÐÐ¿¨µÖ¿Û1.5Ôª,[]
2,17636634531659612177360,8666655021,1659612196000,1659613708034,4810,1,0,400,300,262.1,ÆïÐÐ¿¨µÖ¿Û1Ôª,[]
1,17636634531658402447452,8643012577,1658402450000,1658407089000,11550,1,0,450,0,562.4,ÆïÐÐ¿¨µÖ¿Û4.5Ôª,[]
2,17636634531657449255070,8661580619,1657449289000,1657450326456,2280,1,0,250,0,124.2,ÆïÐÐ¿¨µÖ¿Û2.5Ôª,[]
2,17636634531657114209294,8661317322,1657114209000,1657114855462,1220,1,0,250,0,66.4,ÆïÐÐ¿¨µÖ¿Û2.5Ôª,[]
2,17636634531655306415167,8661350787,1655306433000,1655307036638,2400,1,0,250,150,130.8,ÆïÐÐ¿¨µÖ¿Û1Ôª,[]
2,17636634531655297430717,8661364723,1655297453000,1655298207738,2490,1,0,250,150,135.7,ÆïÐÐ¿¨µÖ¿Û1Ôª,[]
2,17636634531655134619816,8661726418,1655134674000,1655135249457,2160,1,0,250,150,117.7,ÆïÐÐ¿¨µÖ¿Û1Ôª,[]
2,17636634531655126519730,8661579114,1655126544000,1655127282784,2310,1,0,250,150,125.8,ÆïÐÐ¿¨µÖ¿Û1Ôª,[]
2,17636634531654607531328,8661567142,1654607556000,1654608014324,1680,1,0,250,150,91.5,ÆïÐÐ¿¨µÖ¿Û1Ôª,[]
2,17636634531654528067769,8661491978,1654528087000,1654528770708,2350,1,0,250,150,128.0,ÆïÐÐ¿¨µÖ¿Û1Ôª,[]
1,17636634531661858129445,8653908200,1661858130000,1661859534000,3450,1,0,200,0,168.0,ÆïÐÐ¿¨µÖ¿Û2Ôª,[]
1,17636634531661429388120,8651542437,1661429389000,1661433059000,9150,1,0,500,0,445.6,ÆïÐÐ¿¨µÖ¿Û5Ôª,[]
1,17636634531661344966144,8653908309,1661344968000,1661346595000,4050,1,0,200,0,197.2,ÆïÐÐ¿¨µÖ¿Û2Ôª,[]
1,17636634531660220378071,8641009976,1660220379000,1660221229000,2100,1,0,200,200,102.2,,[]
1,17636634531660217770470,8641009976,1660217805000,1660220318630,6150,1,0,350,0,299.5,ÆïÐÐ¿¨µÖ¿Û3.5Ôª,[]
1,17636634531660126991750,8641009976,1660126992000,1660129933000,7350,1,0,350,0,357.9,ÆïÐÐ¿¨µÖ¿Û3.5Ôª,[]
1,17636634531660047152741,8641009976,1660047153000,1660049447000,5700,1,0,350,0,277.5,ÆïÐÐ¿¨µÖ¿Û3.5Ôª,[]
2,17636634531659704855767,8668003729,1659704872000,1659705874297,3840,1,0,250,150,209.2,ÆïÐÐ¿¨µÖ¿Û1Ôª,[]
2,17636634531659700369630,8666310881,1659700383000,1659701294570,3600,1,0,250,150,196.2,ÆïÐÐ¿¨µÖ¿Û1Ôª,[]
2,17636634531659617739911,8666303908,1659617757000,1659618735404,3840,1,0,250,150,209.2,ÆïÐÐ¿¨µÖ¿Û1Ôª,[]
1,17636634531662814167153,8653908768,1662814168000,1662814854000,1650,1,0,200,0,80.3,ÆïÐÐ¿¨µÖ¿Û2Ôª,[]
1,17636634531662732905401,8652191998,1662732907000,1662733028000,300,1,0,200,0,14.6,ÆïÐÐ¿¨µÖ¿Û2Ôª,[]
1,17636634531662732343578,8652191998,1662732345000,1662732531000,450,1,0,200,0,21.9,ÆïÐÐ¿¨µÖ¿Û2Ôª,[]
1,17636634531662730195725,8652191998,1662730197000,1662730413000,450,1,0,200,0,21.9,ÆïÐÐ¿¨µÖ¿Û2Ôª,[]
1,17636634531662719911335,8652191998,1662719912000,1662722553000,6600,1,0,350,0,321.4,ÆïÐÐ¿¨µÖ¿Û3.5Ôª,[]
1,17636634531662134395903,8652191158,1662134396000,1662135418000,2550,1,0,200,0,124.1,ÆïÐÐ¿¨µÖ¿Û2Ôª,[]
1,17636634531662129328366,8652191158,1662129331000,1662134318000,12450,1,0,500,0,606.3,ÆïÐÐ¿¨µÖ¿Û5Ôª,[]
1,17636634531661945056646,8643013916,1661945057000,1661946410000,3300,1,0,200,0,160.7,ÆïÐÐ¿¨µÖ¿Û2Ôª,[]
2,17636634531661942800432,8666305456,1661942842000,1661943544920,2211,1,0,250,150,120.4,ÆïÐÐ¿¨µÖ¿Û1Ôª,[]
2,17636634531661864923387,8666323281,1661864939000,1661865754490,3120,1,0,250,150,170.0,ÆïÐÐ¿¨µÖ¿Û1Ôª,[]
2,17636634531663246755856,8667593293,1663246775000,1663247646930,3360,1,0,250,0,183.1,ÆïÐÐ¿¨µÖ¿Û2.5Ôª,[]
1,17636634531663238460758,8653883609,1663238462000,1663239896000,3450,1,0,200,0,168.0,ÆïÐÐ¿¨µÖ¿Û2Ôª,[]
2,17636634531663160776397,8667590938,1663160801000,1663161620797,3120,1,0,250,0,170.0,ÆïÐÐ¿¨µÖ¿Û2.5Ôª,[]
1,17636634531663152125427,8651396165,1663152127000,1663153701000,3900,1,0,200,0,189.9,ÆïÐÐ¿¨µÖ¿Û2Ôª,[]
1,17636634531663076609532,8651889137,1663076611000,1663076718000,150,1,0,200,0,7.3,ÆïÐÐ¿¨µÖ¿Û2Ôª,[]
1,17636634531663072560122,8651889137,1663072563000,1663075005000,6000,1,0,350,0,292.2,ÆïÐÐ¿¨µÖ¿Û3.5Ôª,[]
1,17636634531663068305863,8651889137,1663068307000,1663068697000,900,1,0,200,0,43.8,ÆïÐÐ¿¨µÖ¿Û2Ôª,[]
1,17636634531663051033273,8653883609,1663051035000,1663051256000,450,1,0,200,0,21.9,ÆïÐÐ¿¨µÖ¿Û2Ôª,[]
1,17636634531663042009047,8653883609,1663042011000,1663042111000,150,1,0,200,0,7.3,ÆïÐÐ¿¨µÖ¿Û2Ôª,[]
1,17636634531662957761750,8651890704,1662957763000,1662957914000,300,1,0,200,0,14.6,ÆïÐÐ¿¨µÖ¿Û2Ôª,[]
1,17636634531675902022443,8643307125,1675902025000,1675905529000,8700,1,0,300,0,423.69,ÆïÐÐ¿¨µÖ¿Û3Ôª,[]
1,17636634531675825261884,8644030973,1675825265000,1675829051000,9450,1,0,450,0,460.215,ÆïÐÐ¿¨µÖ¿Û4.5Ôª,['Î¥¹æÍ£³µ£¨¹ÜÀí·ÑÒÑÃâ³ý£©']
1,17636634531675815501804,8644018675,1675815503000,1675819353000,9600,1,0,450,0,467.52,ÆïÐÐ¿¨µÖ¿Û4.5Ôª,[]
2,17636634531664516748229,8666302173,1664516749000,1664517971911,4800,1,0,350,350,261.6,,[]
1,17636634531663586291045,8651695566,1663586293000,1663586934000,1500,1,0,200,0,73.0,ÆïÐÐ¿¨µÖ¿Û2Ôª,[]
1,17636634531663501424786,8653901820,1663501425000,1663501623000,450,1,0,200,0,21.9,ÆïÐÐ¿¨µÖ¿Û2Ôª,[]
1,17636634531663424647475,8653906309,1663424649000,1663425033000,900,1,0,200,0,43.8,ÆïÐÐ¿¨µÖ¿Û2Ôª,[]
1,17636634531663420850599,8642089023,1663420853000,1663422048000,2850,1,0,200,0,138.7,ÆïÐÐ¿¨µÖ¿Û2Ôª,[]
1,17636634531663331643871,8653901910,1663331679000,1663335453844,9300,1,0,500,0,452.9,ÆïÐÐ¿¨µÖ¿Û5Ôª,[]
2,17636634531663329719004,8666653143,1663329835000,1663330868598,3011,1,0,350,50,164.0,ÆïÐÐ¿¨µÖ¿Û3Ôª,[]
2,17636634531604980216746,8661493585,1604980219000,1604980485000,768,1,0,100,0,38.0,ÆïÐÐÈ¯µÖ¿Û1Ôª,[]
2,17636634531604298012033,8664156240,1604298014000,1604298429000,1152,1,0,200,200,57.1,,[]
2,17636634531600432748637,8662605768,1600432751000,1600434335000,4992,1,0,300,0,247.5,ÓÅ»ÝµÖ¿Û3Ôª,[]
2,17636634531600430497047,8662804311,1600430499000,1600432469000,6144,1,0,400,100,304.6,ÓÅ»ÝµÖ¿Û3Ôª,[]
2,17636634531600127163061,8661548876,1600127166000,1600128829000,5184,1,0,300,0,257.0,ÓÅ»ÝµÖ¿Û3Ôª,[]
2,17636634531600125400508,8661341548,1600125403000,1600127127000,5376,1,0,300,0,266.5,ÓÅ»ÝµÖ¿Û3Ôª,[]
2,17636634531600060814217,8661317783,1600060816000,1600063686000,9024,1,0,500,200,447.4,ÓÅ»ÝµÖ¿Û3Ôª,[]
2,17636634531599437806450,8661320289,1599437810000,1599439488000,5184,1,0,300,0,257.0,ÓÅ»ÝµÖ¿Û3Ôª,[]
2,17636634531599433850151,8661489022,1599433853000,1599435416000,4992,1,0,300,0,247.5,ÓÅ»ÝµÖ¿Û3Ôª,[]
2,17636634531599405114686,8661489022,1599405118000,1599406009000,2688,1,0,200,0,133.2,ÓÅ»ÝµÖ¿Û2Ôª,[]
1,17636634531676101709832,8644052394,1676101745000,1676102598652,2100,1,0,150,0,102.27,ÆïÐÐ¿¨µÖ¿Û1.5Ôª,[]
1,17636634531676091832567,8644052394,1676091834000,1676092029000,450,1,0,150,0,21.915,ÆïÐÐ¿¨µÖ¿Û1.5Ôª,[]
1,17636634531676089698572,8643431315,1676089734000,1676091562227,4500,1,0,150,0,219.15,ÆïÐÐ¿¨µÖ¿Û1.5Ôª,['Î¥¹æÍ£³µ£¨¹ÜÀí·ÑÒÑÃâ³ý£©']
1,17636634531676080479644,8643431315,1676080485000,1676081485000,2400,1,0,150,0,116.88,ÆïÐÐ¿¨µÖ¿Û1.5Ôª,[]
1,17636634531676027209686,8643431315,1676027212000,1676027812000,1500,1,0,150,150,73.05,,[]
1,17636634531676007276052,8643431315,1676007278000,1676007878000,1500,1,0,150,150,73.05,,[]
1,17636634531675988514946,8643431315,1675988518000,1675990557000,4950,1,0,300,0,241.065,ÆïÐÐ¿¨µÖ¿Û3Ôª,[]
1,17636634531675939815246,8643431315,1675939818000,1675949658000,24600,1,0,900,300,1198.02,ÆïÐÐ¿¨µÖ¿Û6Ôª,[]
1,17636634531675914463492,8643431315,1675914464000,1675921406000,17250,1,0,600,0,840.075,ÆïÐÐ¿¨µÖ¿Û6Ôª,[]
1,17636634531675905544538,8643431315,1675905547000,1675912486000,17250,1,0,600,0,840.075,ÆïÐÐ¿¨µÖ¿Û6Ôª,[]
1,17636634531677412588917,8643292579,1677412591000,1677414884000,5700,1,0,300,0,277.59,ÆïÐÐ¿¨µÖ¿Û3Ôª,[]
1,17636634531676884535541,8643425494,1676884538000,1676884982000,1050,1,0,150,0,51.135,ÆïÐÐ¿¨µÖ¿Û1.5Ôª,[]
1,17636634531676869032162,8643262323,1676869032000,1676869247000,450,1,0,150,0,21.915,ÆïÐÐ¿¨µÖ¿Û1.5Ôª,[]
1,17636634531676804862137,8644037438,1676804868000,1676811792000,17250,1,0,600,0,840.075,ÆïÐÐ¿¨µÖ¿Û6Ôª,[]
1,17636634531676543179318,8643467274,1676543179000,1676543733000,1350,1,0,150,0,65.745,ÆïÐÐ¿¨µÖ¿Û1.5Ôª,[]
1,17636634531676351956045,8643456532,1676351958000,1676353739000,4350,1,0,150,0,211.845,ÆïÐÐ¿¨µÖ¿Û1.5Ôª,[]
1,17636634531676203317313,8643362516,1676203319000,1676205646000,5700,1,0,300,0,277.59,ÆïÐÐ¿¨µÖ¿Û3Ôª,[]
1,17636634531676189821952,8644037438,1676189825000,1676191188000,3300,1,0,150,0,160.71,ÆïÐÐ¿¨µÖ¿Û1.5Ôª,[]
1,17636634531676174303662,8643463475,1676174339000,1676177658803,8250,1,0,300,0,401.775,ÆïÐÐ¿¨µÖ¿Û3Ôª,[]
1,17636634531676123000100,8644037438,1676123004000,1676123275000,600,1,0,150,0,29.22,ÆïÐÐ¿¨µÖ¿Û1.5Ôª,[]
1,17636634531678175858373,8644040089,1678175861000,1678176653000,1950,1,0,150,0,94.965,ÆïÐÐ¿¨µÖ¿Û1.5Ôª,[]
1,17636634531678172812297,8644018969,1678172818000,1678173152000,750,1,0,150,0,36.525,ÆïÐÐ¿¨µÖ¿Û1.5Ôª,[]
1,17636634531678016761116,8643285482,1678016766000,1678023690000,17250,1,0,600,0,840.075,ÆïÐÐ¿¨µÖ¿Û6Ôª,[]
1,17636634531677662877525,8643240704,1677662886000,1677663675000,1950,1,0,150,0,94.965,ÆïÐÐ¿¨µÖ¿Û1.5Ôª,[]
1,17636634531677661032984,8643271825,1677661068000,1677661214742,300,1,0,150,0,14.61,ÆïÐÐ¿¨µÖ¿Û1.5Ôª,[]
1,17636634531677654878925,8643408211,1677654914000,1677655563223,1500,1,0,150,0,73.05,ÆïÐÐ¿¨µÖ¿Û1.5Ôª,['Î¥¹æÍ£³µ£¨¹ÜÀí·ÑÒÑÃâ³ý£©']
1,17636634531677649471350,8643388165,1677649474000,1677651340000,4650,1,0,300,0,226.455,ÆïÐÐ¿¨µÖ¿Û3Ôª,[]
1,17636634531677499723369,8644054524,1677499724000,1677501191000,3600,1,0,150,0,175.32,ÆïÐÐ¿¨µÖ¿Û1.5Ôª,[]
1,17636634531677488945272,8644054524,1677488946000,1677490971000,4950,1,0,300,0,241.065,ÆïÐÐ¿¨µÖ¿Û3Ôª,[]
1,17636634531677481055899,8643395496,1677481058000,1677482721000,4050,1,0,150,0,197.235,ÆïÐÐ¿¨µÖ¿Û1.5Ôª,[]
1,17636634531680917923955,8643422985,1680917928000,1680918281000,750,1,0,150,0,36.525,ÆïÐÐ¿¨µÖ¿Û1.5Ôª,[]
1,17636634531680509967680,8643468603,1680509977000,1680510258000,600,1,0,150,0,29.22,ÆïÐÐ¿¨µÖ¿Û1.5Ôª,[]
1,17636634531680496993882,8643370427,1680496997000,1680497268000,600,1,0,150,0,29.22,ÆïÐÐ¿¨µÖ¿Û1.5Ôª,[]
1,17636634531680421303624,8643263637,1680421306000,1680422773000,3600,1,0,150,0,175.32,ÆïÐÐ¿¨µÖ¿Û1.5Ôª,[]
1,17636634531680140765084,8643303007,1680140767000,1680144056000,8100,1,0,300,0,394.47,ÆïÐÐ¿¨µÖ¿Û3Ôª,[]
1,17636634531680139763356,8644039384,1680139798000,1680140173781,900,1,0,150,0,43.83,ÆïÐÐ¿¨µÖ¿Û1.5Ôª,[]
1,17636634531679886041144,8643465324,1679886046000,1679886906000,2100,1,0,150,0,102.27,ÆïÐÐ¿¨µÖ¿Û1.5Ôª,[]
1,17636634531679217659352,8644039384,1679217666000,1679219002000,3300,1,0,150,0,160.71,ÆïÐÐ¿¨µÖ¿Û1.5Ôª,[]
1,17636634531679211291370,8644039384,1679211299000,1679212521000,3000,1,0,150,0,146.1,ÆïÐÐ¿¨µÖ¿Û1.5Ôª,[]
1,17636634531678177809383,8644040089,1678177812000,1678178045000,450,1,0,150,0,21.915,ÆïÐÐ¿¨µÖ¿Û1.5Ôª,[]
1,17636634531681521269748,8644008907,1681521273000,1681521657000,900,1,0,150,0,43.83,ÆïÐÐ¿¨µÖ¿Û1.5Ôª,[]
1,17636634531681461021019,8643990079,1681461023000,1681467727000,16650,1,0,600,0,810.855,ÆïÐÐ¿¨µÖ¿Û6Ôª,[]
1,17636634531681178034295,8644010709,1681178035000,1681178613000,1350,1,0,150,0,65.745,ÆïÐÐ¿¨µÖ¿Û1.5Ôª,[]
1,17636634531681046027154,8644041439,1681046034000,1681053927000,19650,1,0,750,0,956.955,ÓÅ»ÝµÖ¿Û7.5Ôª,[]
1,17636634531680959823660,8643467897,1680959827000,1680960427000,1500,1,0,150,0,73.05,ÆïÐÐ¿¨µÖ¿Û1.5Ôª,[]
1,17636634531680940963453,8643299273,1680940965000,1680941795000,1950,1,0,150,0,94.965,ÆïÐÐ¿¨µÖ¿Û1.5Ôª,[]
1,17636634531680934816752,8643261621,1680934852000,1680936278629,3450,1,0,150,0,168.015,ÆïÐÐ¿¨µÖ¿Û1.5Ôª,[]
1,17636634531680934801567,8643368133,1680934801567,1680934801567,0,1,0,0,0,0.0,,[]
1,17636634531680934785951,8643368133,1680934785951,1680934785951,0,1,0,0,0,0.0,,[]
1,17636634531680923820632,8643340481,1680923823000,1680925463000,4050,1,0,150,0,197.235,ÆïÐÐ¿¨µÖ¿Û1.5Ôª,[]
1,17636634531681861448967,8643467897,1681861449000,1681862007623,1350,1,0,150,0,65.745,ÆïÐÐ¿¨µÖ¿Û1.5Ôª,[]
1,17636634531681818351198,8644024352,1681818354000,1681825739000,18450,1,0,750,0,898.515,ÓÅ»ÝµÖ¿Û7.5Ôª,[]
1,17636634531681815835545,8644024352,1681815846000,1681816925000,2550,1,0,150,0,124.185,ÆïÐÐ¿¨µÖ¿Û1.5Ôª,[]
1,17636634531681774042805,8643258620,1681774045000,1681775069000,2550,1,0,150,0,124.185,ÆïÐÐ¿¨µÖ¿Û1.5Ôª,[]
1,17636634531681738539636,8644034505,1681738542000,1681739234000,1650,1,0,150,0,80.355,ÆïÐÐ¿¨µÖ¿Û1.5Ôª,[]
1,17636634531681734057218,8643480421,1681734062000,1681734590000,1200,1,0,150,0,58.44,ÆïÐÐ¿¨µÖ¿Û1.5Ôª,[]
1,17636634531681717786895,8643307931,1681717789000,1681724737000,17250,1,0,600,0,840.075,ÆïÐÐ¿¨µÖ¿Û6Ôª,[]
1,17636634531681713803960,8643307931,1681713806000,1681714770000,2400,1,0,150,0,116.88,ÆïÐÐ¿¨µÖ¿Û1.5Ôª,[]
1,17636634531681532006227,8643442129,1681532009000,1681532486000,1050,1,0,150,0,51.135,ÆïÐÐ¿¨µÖ¿Û1.5Ôª,[]
1,17636634531681530249375,8644066571,1681530252000,1681530984000,1800,1,0,150,0,87.66,ÆïÐÐ¿¨µÖ¿Û1.5Ôª,[]
1,17636634531682074354867,8643335570,1682074357000,1682079030000,11550,1,0,450,0,562.485,ÆïÐÐ¿¨µÖ¿Û4.5Ôª,[]
1,17636634531682071568168,8644029898,1682071569000,1682072107000,1200,1,0,150,0,58.44,ÆïÐÐ¿¨µÖ¿Û1.5Ôª,[]
1,17636634531682036915062,8643303382,1682036920000,1682037687000,1800,1,0,150,0,87.66,ÆïÐÐ¿¨µÖ¿Û1.5Ôª,[]
1,17636634531682034250019,8643254147,1682034252000,1682034676000,1050,1,0,150,0,51.135,ÆïÐÐ¿¨µÖ¿Û1.5Ôª,[]
1,17636634531681987886895,8643481514,1681987889000,1681997707000,24450,1,0,900,300,1190.715,ÆïÐÐ¿¨µÖ¿Û6Ôª,[]
1,17636634531681985185272,8643482217,1681985204000,1681985630000,1050,1,0,150,0,51.135,ÆïÐÐ¿¨µÖ¿Û1.5Ôª,[]
1,17636634531681951557113,8643412405,1681951559000,1681951993000,1050,1,0,150,0,51.135,ÆïÐÐ¿¨µÖ¿Û1.5Ôª,[]
1,17636634531681948520941,8643352901,1681948523000,1681949044000,1200,1,0,150,0,58.44,ÆïÐÐ¿¨µÖ¿Û1.5Ôª,[]
1,17636634531681902142578,8643352901,1681902145000,1681916505000,35850,1,0,1200,0,1745.895,ÓÅ»ÝµÖ¿Û12Ôª,[]
1,17636634531681864130295,8644070943,1681864133000,1681864481000,750,1,0,150,0,36.525,ÆïÐÐ¿¨µÖ¿Û1.5Ôª,[]
1,17636634531682383772479,8644043639,1682383774000,1682384104000,750,1,0,150,0,36.525,ÆïÐÐ¿¨µÖ¿Û1.5Ôª,[]
1,17636634531682380226618,8643481472,1682380229000,1682381473000,3000,1,0,150,0,146.1,ÆïÐÐ¿¨µÖ¿Û1.5Ôª,[]
1,17636634531682334633777,8643988402,1682334636000,1682337396000,6900,1,0,300,0,336.03,ÆïÐÐ¿¨µÖ¿Û3Ôª,[]
1,17636634531682297594830,8643408395,1682297597000,1682298173000,1350,1,0,150,0,65.745,ÆïÐÐ¿¨µÖ¿Û1.5Ôª,[]
1,17636634531682294631767,8643462699,1682294637000,1682295058000,1050,1,0,150,0,51.135,ÆïÐÐ¿¨µÖ¿Û1.5Ôª,[]
1,17636634531682256688988,8643462699,1682256698000,1682257156000,1050,1,0,150,0,51.135,ÆïÐÐ¿¨µÖ¿Û1.5Ôª,[]
1,17636634531682247430609,8643467736,1682247433000,1682249454000,4950,1,0,300,0,241.065,ÆïÐÐ¿¨µÖ¿Û3Ôª,[]
1,17636634531682244858761,8643271944,1682244861000,1682245155000,600,1,0,150,0,29.22,ÆïÐÐ¿¨µÖ¿Û1.5Ôª,[]
1,17636634531682210827993,8644054685,1682210830000,1682211958000,2700,1,0,150,0,131.49,ÆïÐÐ¿¨µÖ¿Û1.5Ôª,[]
1,17636634531682207480601,8643363358,1682207483000,1682207875000,900,1,0,150,0,43.83,ÆïÐÐ¿¨µÖ¿Û1.5Ôª,[]
1,17636634531682591046385,8643272660,1682591049000,1682598046000,17400,1,0,600,0,847.38,ÆïÐÐ¿¨µÖ¿Û6Ôª,[]
1,17636634531682557855350,8643477963,1682557857000,1682558476000,1500,1,0,150,0,73.05,ÆïÐÐ¿¨µÖ¿Û1.5Ôª,[]
1,17636634531682554064539,8643363779,1682554080000,1682555273000,2850,1,0,150,0,138.795,ÆïÐÐ¿¨µÖ¿Û1.5Ôª,[]
1,17636634531682508424952,8643363779,1682508434000,1682514650000,15450,1,0,600,0,752.415,ÆïÐÐ¿¨µÖ¿Û6Ôª,[]
1,17636634531682507947281,8644006319,1682507949000,1682508413000,1050,1,0,150,0,51.135,ÆïÐÐ¿¨µÖ¿Û1.5Ôª,[]
1,17636634531682505324483,8643345996,1682505326000,1682507939000,6450,1,0,300,0,314.115,ÆïÐÐ¿¨µÖ¿Û3Ôª,[]
1,17636634531682471141971,8643267454,1682471144000,1682471444000,750,1,0,150,0,36.525,ÆïÐÐ¿¨µÖ¿Û1.5Ôª,[]
1,17636634531682467533499,8643415027,1682467535000,1682468658000,2700,1,0,150,0,131.49,ÆïÐÐ¿¨µÖ¿Û1.5Ôª,[]
1,17636634531682420547586,8643415027,1682420550000,1682423837000,8100,1,0,300,0,394.47,ÆïÐÐ¿¨µÖ¿Û3Ôª,[]
1,17636634531682417321554,8643271148,1682417324000,1682417711000,900,1,0,150,0,43.83,ÆïÐÐ¿¨µÖ¿Û1.5Ôª,[]
1,17636634531682995105717,8643345761,1682995141000,1682998007322,7050,1,0,300,0,343.335,ÆïÐÐ¿¨µÖ¿Û3Ôª,[]
1,17636634531682935937004,8643270717,1682935938000,1682936628000,1650,1,0,150,0,80.355,ÆïÐÐ¿¨µÖ¿Û1.5Ôª,[]
1,17636634531682925111491,8643418207,1682925113000,1682925495000,900,1,0,150,0,43.83,ÆïÐÐ¿¨µÖ¿Û1.5Ôª,[]
1,17636634531682922602441,8643417180,1682922605000,1682923764000,2850,1,0,150,0,138.795,ÆïÐÐ¿¨µÖ¿Û1.5Ôª,[]
1,17636634531682861870808,8643279429,1682861874000,1682869098000,18000,1,0,600,0,876.6,ÆïÐÐ¿¨µÖ¿Û6Ôª,[]
1,17636634531682687068229,8643279429,1682687070000,1682693088000,15000,1,0,600,0,730.5,ÆïÐÐ¿¨µÖ¿Û6Ôª,[]
1,17636634531682678965145,8643424657,1682678967000,1682684707000,14250,1,0,600,0,693.975,ÆïÐÐ¿¨µÖ¿Û6Ôª,[]
1,17636634531682645626058,8644013447,1682645627000,1682645931000,750,1,0,150,0,36.525,ÆïÐÐ¿¨µÖ¿Û1.5Ôª,[]
1,17636634531682643110442,8643272660,1682643113000,1682643440000,750,1,0,150,0,36.525,ÆïÐÐ¿¨µÖ¿Û1.5Ôª,[]
1,17636634531682598106239,8643272660,1682598108000,1682605032000,17250,1,0,600,0,840.075,ÆïÐÐ¿¨µÖ¿Û6Ôª,[]
1,17636634531624761094931,8642076099,1624761097000,1624761495000,720,1,0,150,0,33.3,ÓÅ»ÝµÖ¿Û1.5Ôª,[]
1,17636634531624718630691,8651395547,1624718633000,1624718981000,600,1,0,150,0,27.7,ÓÅ»ÝµÖ¿Û1.5Ôª,[]
1,17636634531624627023406,8641708426,1624627025000,1624627228000,360,1,0,150,0,16.6,ÓÅ»ÝµÖ¿Û1.5Ôª,[]
1,17636634531624542466205,8651887212,1624542467000,1624542615000,240,1,0,150,0,11.1,ÓÅ»ÝµÖ¿Û1.5Ôª,[]
1,17636634531624496657469,8652246329,1624496657000,1624496735182,120,1,0,150,0,5.5,ÓÅ»ÝµÖ¿Û1.5Ôª,[]
1,17636634531624496466875,8651537610,1624496469000,1624496480000,0,1,0,0,0,0.0,,[]
1,17636634531624409449276,8651890799,1624409450000,1624409637000,360,1,0,150,0,16.6,ÓÅ»ÝµÖ¿Û1.5Ôª,[]
1,17636634531624367909078,8643037206,1624367911000,1624368841000,1800,1,0,150,0,83.3,ÓÅ»ÝµÖ¿Û1.5Ôª,[]
1,17636634531624354244258,8651705283,1624354247000,1624355755000,3000,1,0,150,0,138.9,ÓÅ»ÝµÖ¿Û1.5Ôª,[]
1,17636634531624352927021,8651705283,1624352927000,1624353345000,720,1,0,150,0,33.3,ÓÅ»ÝµÖ¿Û1.5Ôª,[]
1,17636634531683282531029,8643352095,1683282534000,1683283068000,1200,1,0,150,0,58.44,ÆïÐÐ¿¨µÖ¿Û1.5Ôª,[]
1,17636634531683249053153,8643425901,1683249054000,1683249374000,750,1,0,150,0,36.525,ÆïÐÐ¿¨µÖ¿Û1.5Ôª,[]
1,17636634531683246366328,8643419588,1683246369000,1683246732000,900,1,0,150,0,43.83,ÆïÐÐ¿¨µÖ¿Û1.5Ôª,[]
1,17636634531683183797695,8644077932,1683183799000,1683184399000,1500,1,0,150,0,73.05,ÆïÐÐ¿¨µÖ¿Û1.5Ôª,[]
1,17636634531683181345949,8643940276,1683181348000,1683181819000,1050,1,0,150,0,51.135,ÆïÐÐ¿¨µÖ¿Û1.5Ôª,[]
1,17636634531683163032946,8643292881,1683163033000,1683163424000,900,1,0,150,0,43.83,ÆïÐÐ¿¨µÖ¿Û1.5Ôª,[]
1,17636634531683159421248,8644023346,1683159425000,1683160524000,2700,1,0,150,0,131.49,ÆïÐÐ¿¨µÖ¿Û1.5Ôª,[]
1,17636634531683106223244,8643304316,1683106227000,1683106431000,450,1,0,150,0,21.915,ÆïÐÐ¿¨µÖ¿Û1.5Ôª,[]
1,17636634531683087586854,8643304316,1683087590000,1683087854000,600,1,0,150,0,29.22,ÆïÐÐ¿¨µÖ¿Û1.5Ôª,[]
1,17636634531683001485608,8644023346,1683001488000,1683001831000,750,1,0,150,0,36.525,ÆïÐÐ¿¨µÖ¿Û1.5Ôª,[]
1,17636634531683543994681,8643403788,1683543998000,1683545822000,4500,1,0,150,0,219.15,ÆïÐÐ¿¨µÖ¿Û1.5Ôª,[]
1,17636634531683541392168,8643480546,1683541394000,1683542127000,1800,1,0,150,0,87.66,ÆïÐÐ¿¨µÖ¿Û1.5Ôª,[]
1,17636634531683507966407,8643416396,1683507969000,1683508388000,900,1,0,150,0,43.83,ÆïÐÐ¿¨µÖ¿Û1.5Ôª,[]
1,17636634531683505273889,8643344736,1683505677000,1683505747000,150,1,0,150,0,7.305,ÆïÐÐ¿¨µÖ¿Û1.5Ôª,[]
1,17636634531683378218823,8643344736,1683378221000,1683382039000,9450,1,0,450,0,460.215,ÆïÐÐ¿¨µÖ¿Û4.5Ôª,[]
1,17636634531683371314723,8643344736,1683371316000,1683377110000,14400,1,0,600,0,701.28,ÆïÐÐ¿¨µÖ¿Û6Ôª,[]
1,17636634531683368523257,8643262980,1683368525000,1683369130000,1500,1,0,150,0,73.05,ÆïÐÐ¿¨µÖ¿Û1.5Ôª,[]
1,17636634531683335314750,8644062550,1683335316000,1683335920000,1500,1,0,150,0,73.05,ÆïÐÐ¿¨µÖ¿Û1.5Ôª,[]
1,17636634531683332470634,8644077932,1683332473000,1683332907000,1050,1,0,150,0,51.135,ÆïÐÐ¿¨µÖ¿Û1.5Ôª,[]
1,17636634531683285381410,8644044900,1683285384000,1683286557000,2850,1,0,150,0,138.795,ÆïÐÐ¿¨µÖ¿Û1.5Ôª,[]
1,17636634531683763304346,8643427281,1683763308000,1683764602000,3150,1,0,150,0,153.405,ÆïÐÐ¿¨µÖ¿Û1.5Ôª,[]
1,17636634531683717308138,8643427281,1683717311000,1683719884000,6300,1,0,300,0,306.81,ÆïÐÐ¿¨µÖ¿Û3Ôª,[]
1,17636634531683714360849,8644010986,1683714364000,1683715202000,1950,1,0,150,0,94.965,ÆïÐÐ¿¨µÖ¿Û1.5Ôª,[]
1,17636634531683680964352,8643286153,1683680970000,1683681486000,1200,1,0,150,0,58.44,ÆïÐÐ¿¨µÖ¿Û1.5Ôª,[]
1,17636634531683677171836,8643427274,1683677177000,1683678714000,3750,1,0,150,0,182.625,ÆïÐÐ¿¨µÖ¿Û1.5Ôª,[]
1,17636634531683638067218,8643454738,1683638069000,1683639032000,2400,1,0,150,0,116.88,ÆïÐÐ¿¨µÖ¿Û1.5Ôª,[]
1,17636634531683632093902,8643454738,1683632096000,1683636235000,10200,1,0,450,0,496.74,ÆïÐÐ¿¨µÖ¿Û4.5Ôª,[]
1,17636634531683629445097,8644069495,1683629447000,1683629748000,750,1,0,150,0,36.525,ÆïÐÐ¿¨µÖ¿Û1.5Ôª,[]
1,17636634531683595880764,8644010020,1683595882000,1683596287000,900,1,0,150,0,43.83,ÆïÐÐ¿¨µÖ¿Û1.5Ôª,[]
1,17636634531683593460018,8643283219,1683593462000,1683593772000,750,1,0,150,0,36.525,ÆïÐÐ¿¨µÖ¿Û1.5Ôª,[]
1,17636634531684146191878,8643446838,1684146197000,1684146655000,1050,1,0,150,0,51.135,ÆïÐÐ¿¨µÖ¿Û1.5Ôª,[]
1,17636634531684112195300,8643472755,1684112199000,1684119396000,17850,1,0,600,0,869.295,ÆïÐÐ¿¨µÖ¿Û6Ôª,[]
1,17636634531684109568362,8643239857,1684109575000,1684109996000,1050,1,0,150,0,51.135,ÆïÐÐ¿¨µÖ¿Û1.5Ôª,[]
1,17636634531683890335645,8643239857,1683890341000,1683896369000,15000,1,0,600,0,730.5,ÆïÐÐ¿¨µÖ¿Û6Ôª,[]
1,17636634531683886890509,8644016107,1683886926000,1683888336829,3450,1,0,150,0,168.015,ÆïÐÐ¿¨µÖ¿Û1.5Ôª,[]
1,17636634531683853324475,8643259071,1683853328000,1683853764000,1050,1,0,150,0,51.135,ÆïÐÐ¿¨µÖ¿Û1.5Ôª,[]
1,17636634531683850548960,8643448682,1683850552000,1683850954000,900,1,0,150,0,43.83,ÆïÐÐ¿¨µÖ¿Û1.5Ôª,[]
1,17636634531683803244335,8643448682,1683803248000,1683805506000,5550,1,0,300,0,270.285,ÆïÐÐ¿¨µÖ¿Û3Ôª,[]
1,17636634531683800600167,8643426340,1683800602000,1683800916000,750,1,0,150,0,36.525,ÆïÐÐ¿¨µÖ¿Û1.5Ôª,[]
1,17636634531683767031366,8643286301,1683767033000,1683767526841,1200,1,0,150,0,58.44,ÆïÐÐ¿¨µÖ¿Û1.5Ôª,[]
1,17636634531684369159753,8643273890,1684369162000,1684369442000,600,1,0,150,0,29.22,ÆïÐÐ¿¨µÖ¿Û1.5Ôª,[]
1,17636634531684327094560,8643273890,1684327096000,1684327696000,1500,1,0,150,0,73.05,ÆïÐÐ¿¨µÖ¿Û1.5Ôª,[]
1,17636634531684319800601,8643477784,1684319803000,1684326996000,17850,1,0,600,0,869.295,ÆïÐÐ¿¨µÖ¿Û6Ôª,[]
1,17636634531684285668085,8643430936,1684285669000,1684286583000,2250,1,0,150,0,109.575,ÆïÐÐ¿¨µÖ¿Û1.5Ôª,[]
1,17636634531684282556067,8643284124,1684282558000,1684283053000,1200,1,0,150,0,58.44,ÆïÐÐ¿¨µÖ¿Û1.5Ôª,[]
1,17636634531684243917416,8643410685,1684243919000,1684245534000,3900,1,0,150,0,189.93,ÆïÐÐ¿¨µÖ¿Û1.5Ôª,[]
1,17636634531684232304470,8643411364,1684232306000,1684239108000,16950,1,0,600,0,825.465,ÆïÐÐ¿¨µÖ¿Û6Ôª,[]
1,17636634531684198504414,8644014624,1684198506000,1684199131000,1500,1,0,150,0,73.05,ÆïÐÐ¿¨µÖ¿Û1.5Ôª,[]
1,17636634531684194723403,8643257554,1684194725000,1684195874000,2850,1,0,150,0,138.795,ÆïÐÐ¿¨µÖ¿Û1.5Ôª,[]
1,17636634531684148780152,8643257554,1684148782000,1684155218000,16050,1,0,600,0,781.635,ÆïÐÐ¿¨µÖ¿Û6Ôª,[]
1,17636634531684718429340,8643306970,1684718431000,1684718943000,1200,1,0,150,0,58.44,ÆïÐÐ¿¨µÖ¿Û1.5Ôª,[]
1,17636634531684714667802,8644040568,1684714670000,1684714883000,450,1,0,150,0,21.915,ÆïÐÐ¿¨µÖ¿Û1.5Ôª,[]
1,17636634531684677507315,8644040568,1684677510000,1684680668000,7800,1,0,300,0,379.86,ÆïÐÐ¿¨µÖ¿Û3Ôª,[]
1,17636634531684492487266,8644072690,1684492488000,1684500127000,19050,1,0,750,0,927.735,ÓÅ»ÝµÖ¿Û7.5Ôª,[]
1,17636634531684468287502,8643473814,1684468289000,1684469804000,3750,1,0,150,0,182.625,ÆïÐÐ¿¨µÖ¿Û1.5Ôª,[]
1,17636634531684457701127,8644063294,1684457736000,1684459263349,3750,1,0,150,0,182.625,ÆïÐÐ¿¨µÖ¿Û1.5Ôª,[]
1,17636634531684454122618,8643431154,1684454124000,1684454486000,900,1,0,150,0,43.83,ÆïÐÐ¿¨µÖ¿Û1.5Ôª,[]
1,17636634531684408298310,8643277699,1684408301000,1684414163000,14550,1,0,600,0,708.585,ÆïÐÐ¿¨µÖ¿Û6Ôª,[]
1,17636634531684407301980,8643291156,1684407305000,1684407383000,150,1,0,150,0,7.305,ÆïÐÐ¿¨µÖ¿Û1.5Ôª,[]
1,17636634531684372684914,8643293526,1684372686000,1684373297000,1500,1,0,150,0,73.05,ÆïÐÐ¿¨µÖ¿Û1.5Ôª,[]
1,17636634531685012033059,8644074846,1685012034000,1685018137000,15150,1,0,600,0,737.805,ÆïÐÐ¿¨µÖ¿Û6Ôª,[]
1,17636634531685010970932,8643300404,1685011006000,1685011854983,2100,1,0,150,0,102.27,ÆïÐÐ¿¨µÖ¿Û1.5Ôª,[]
1,17636634531684977545983,8643454414,1684977548000,1684977679000,300,1,0,150,0,14.61,ÆïÐÐ¿¨µÖ¿Û1.5Ôª,[]
1,17636634531684971868390,8643404872,1684971871000,1684972163000,600,1,0,150,0,29.22,ÆïÐÐ¿¨µÖ¿Û1.5Ôª,[]
1,17636634531684928611275,8643404872,1684928615000,1684929594000,2400,1,0,150,0,116.88,ÆïÐÐ¿¨µÖ¿Û1.5Ôª,[]
1,17636634531684924305455,8643280344,1684924340000,1684924756156,900,1,0,150,0,43.83,ÆïÐÐ¿¨µÖ¿Û1.5Ôª,[]
1,17636634531684881921628,8643447440,1684881924000,1684882171000,600,1,0,150,0,29.22,ÆïÐÐ¿¨µÖ¿Û1.5Ôª,[]
1,17636634531684805082947,8644061832,1684805083000,1684805307000,450,1,0,150,0,21.915,ÆïÐÐ¿¨µÖ¿Û1.5Ôª,[]
1,17636634531684761905151,8643447440,1684761907000,1684762420000,1200,1,0,150,0,58.44,ÆïÐÐ¿¨µÖ¿Û1.5Ôª,[]
1,17636634531684753465200,8643447440,1684753467000,1684760384000,17250,1,0,600,0,840.075,ÆïÐÐ¿¨µÖ¿Û6Ôª,[]
1,17636634531685356307233,8644019625,1685356307233,1685356307233,0,1,0,0,0,0.0,,[]
1,17636634531685356290392,8644019625,1685356290392,1685356290392,0,1,0,0,0,0.0,,[]
1,17636634531685322870052,8643303769,1685322874000,1685322989000,150,1,0,150,0,7.305,ÆïÐÐ¿¨µÖ¿Û1.5Ôª,[]
1,17636634531685322349926,8643304220,1685322385000,1685322646726,600,1,0,150,0,29.22,ÆïÐÐ¿¨µÖ¿Û1.5Ôª,[]
1,17636634531685317570224,8643464448,1685317574000,1685317829000,600,1,0,150,0,29.22,ÆïÐÐ¿¨µÖ¿Û1.5Ôª,[]
1,17636634531685111025340,8643414754,1685111028000,1685121136000,25200,1,0,900,0,1227.24,ÓÅ»ÝµÖ¿Û9Ôª,[]
1,17636634531685101684605,8643455491,1685101687000,1685103554000,4650,1,0,300,0,226.455,ÆïÐÐ¿¨µÖ¿Û3Ôª,[]
1,17636634531685098182613,8643250480,1685098183000,1685099073000,2100,1,0,150,0,102.27,ÆïÐÐ¿¨µÖ¿Û1.5Ôª,[]
1,17636634531685057962581,8643272046,1685057964000,1685058260000,600,1,0,150,0,29.22,ÆïÐÐ¿¨µÖ¿Û1.5Ôª,[]
1,17636634531685018148563,8644040450,1685018150000,1685020129000,4800,1,0,300,0,233.76,ÆïÐÐ¿¨µÖ¿Û3Ôª,[]
1,17636634531685490293621,8643336620,1685490296000,1685490547000,600,1,0,150,0,29.22,ÆïÐÐ¿¨µÖ¿Û1.5Ôª,[]
1,17636634531685445331360,8643336620,1685445334000,1685445806000,1050,1,0,150,0,51.135,ÆïÐÐ¿¨µÖ¿Û1.5Ôª,[]
1,17636634531685441548127,8644006239,1685441550000,1685441711000,300,1,0,150,0,14.61,ÆïÐÐ¿¨µÖ¿Û1.5Ôª,[]
1,17636634531685419948997,8643445998,1685419954000,1685423177000,7950,1,0,300,0,387.165,ÆïÐÐ¿¨µÖ¿Û3Ôª,[]
1,17636634531685407885005,8643237562,1685407887000,1685408554000,1650,1,0,150,0,80.355,ÆïÐÐ¿¨µÖ¿Û1.5Ôª,[]
1,17636634531685403737298,8643336620,1685403740000,1685404032000,600,1,0,150,0,29.22,ÆïÐÐ¿¨µÖ¿Û1.5Ôª,[]
1,17636634531685357247051,8644059535,1685357250000,1685362823000,13800,1,0,600,0,672.06,ÆïÐÐ¿¨µÖ¿Û6Ôª,[]
1,17636634531685356425053,8643328949,1685356460000,1685356871635,900,1,0,150,0,43.83,ÆïÐÐ¿¨µÖ¿Û1.5Ôª,[]
1,17636634531685356348101,8644019625,1685356348101,1685356348101,0,1,0,0,0,0.0,,[]
1,17636634531685356324810,8644019625,1685356324810,1685356324810,0,1,0,0,0,0.0,,[]
1,17636634531685667069012,8643421483,1685667071000,1685668287000,3000,1,0,150,0,146.1,ÆïÐÐ¿¨µÖ¿Û1.5Ôª,[]
1,17636634531685663190854,8644070702,1685663194000,1685663522000,750,1,0,150,0,36.525,ÆïÐÐ¿¨µÖ¿Û1.5Ôª,[]
1,17636634531685628063509,8644070702,1685628067000,1685630818000,6750,1,0,300,0,328.725,ÆïÐÐ¿¨µÖ¿Û3Ôª,[]
1,17636634531685618431289,8643380438,1685618435000,1685620852000,6000,1,0,300,0,292.2,ÆïÐÐ¿¨µÖ¿Û3Ôª,[]
1,17636634531685615487143,8643296382,1685615522000,1685616745274,3000,1,0,150,0,146.1,ÆïÐÐ¿¨µÖ¿Û1.5Ôª,[]
1,17636634531685581771461,8644078304,1685581776000,1685582088000,750,1,0,150,0,36.525,ÆïÐÐ¿¨µÖ¿Û1.5Ôª,[]
1,17636634531685576640172,8643263280,1685576642000,1685576892000,600,1,0,150,0,29.22,ÆïÐÐ¿¨µÖ¿Û1.5Ôª,[]
1,17636634531685531685131,8643256443,1685531720000,1685532888805,2850,1,0,150,0,138.795,ÆïÐÐ¿¨µÖ¿Û1.5Ôª,[]
1,17636634531685528032960,8643267572,1685528068000,1685528317000,600,1,0,150,0,29.22,ÆïÐÐ¿¨µÖ¿Û1.5Ôª,[]
1,17636634531685494252432,8644059046,1685494287000,1685496739251,6000,1,0,300,0,292.2,ÆïÐÐ¿¨µÖ¿Û3Ôª,[]
1,17636634531635939388112,8642082245,1635939391000,1635939590000,450,1,0,150,0,21.9,ÆïÐÐ¿¨µÖ¿Û1.5Ôª,[]
1,17636634531635938342016,8653908612,1635938344000,1635939254000,2250,1,0,150,0,109.5,ÆïÐÐ¿¨µÖ¿Û1.5Ôª,[]
1,17636634531635934972643,8653908612,1635934975000,1635935553000,1350,1,0,150,0,65.7,ÆïÐÐ¿¨µÖ¿Û1.5Ôª,[]
1,17636634531635915614521,8653908612,1635915616000,1635916894000,3150,1,0,150,0,153.4,ÆïÐÐ¿¨µÖ¿Û1.5Ôª,[]
1,17636634531635849290068,8653911978,1635849293000,1635850470000,2850,1,0,150,0,138.7,ÆïÐÐ¿¨µÖ¿Û1.5Ôª,[]
1,17636634531635848709388,8654071801,1635848711000,1635849211000,1200,1,0,150,0,58.4,ÆïÐÐ¿¨µÖ¿Û1.5Ôª,[]
1,17636634531635844169703,8653905590,1635844172000,1635844414000,600,1,0,150,0,29.2,ÆïÐÐÈ¯µÖ¿Û1.5Ôª,[]
1,17636634531624791208229,8651410260,1624791211000,1624792778000,3120,1,0,150,0,144.4,ÓÅ»ÝµÖ¿Û1.5Ôª,[]
1,17636634531624779672467,8651692239,1624779707000,1624780389000,1320,1,0,150,0,61.1,ÓÅ»ÝµÖ¿Û1.5Ôª,[]
1,17636634531624777577850,8641746108,1624777581000,1624777909000,600,1,0,150,0,27.7,ÓÅ»ÝµÖ¿Û1.5Ôª,[]
1,17636634531685973919751,8643422723,1685973921000,1685974997000,2550,1,0,150,0,124.185,ÆïÐÐ¿¨µÖ¿Û1.5Ôª,[]
1,17636634531685969893851,8643342854,1685969896000,1685970791000,2100,1,0,150,0,102.27,ÆïÐÐ¿¨µÖ¿Û1.5Ôª,[]
1,17636634531685964674872,8643346207,1685964679000,1685965351000,1650,1,0,150,0,80.355,ÆïÐÐ¿¨µÖ¿Û1.5Ôª,[]
1,17636634531685961799849,8643273928,1685961801000,1685962585000,1950,1,0,150,0,94.965,ÆïÐÐ¿¨µÖ¿Û1.5Ôª,[]
1,17636634531685927966676,8643445424,1685927969000,1685928337000,900,1,0,150,0,43.83,ÆïÐÐ¿¨µÖ¿Û1.5Ôª,[]
1,17636634531685922484379,8643257285,1685922487000,1685922959000,1050,1,0,150,0,51.135,ÆïÐÐ¿¨µÖ¿Û1.5Ôª,[]
1,17636634531685884126162,8644071703,1685884126000,1685886823000,6600,1,0,300,0,321.42,ÆïÐÐ¿¨µÖ¿Û3Ôª,[]
1,17636634531685805829834,8643452007,1685805832000,1685811171000,13200,1,0,450,0,642.84,ÆïÐÐ¿¨µÖ¿Û4.5Ôª,[]
1,17636634531685705398305,8643238337,1685705400000,1685707337000,4800,1,0,300,0,233.76,ÆïÐÐ¿¨µÖ¿Û3Ôª,[]
1,17636634531685701533727,8643411751,1685701535000,1685702153000,1500,1,0,150,0,73.05,ÆïÐÐ¿¨µÖ¿Û1.5Ôª,[]
1,17636634531686145527440,8644016039,1686145529000,1686145905000,900,1,0,150,0,43.83,ÆïÐÐ¿¨µÖ¿Û1.5Ôª,[]
1,17636634531686136844049,8643363624,1686136846000,1686144246000,18450,1,0,750,0,898.515,ÓÅ»ÝµÖ¿Û7.5Ôª,[]
1,17636634531686132659173,8643478253,1686132661000,1686133027000,900,1,0,150,0,43.83,ÆïÐÐ¿¨µÖ¿Û1.5Ôª,[]
1,17636634531686109386814,8643301895,1686109389000,1686111895000,6150,1,0,300,0,299.505,ÆïÐÐ¿¨µÖ¿Û3Ôª,[]
1,17636634531686098622388,8644067087,1686098622000,1686099372000,1800,1,0,150,0,87.66,ÆïÐÐ¿¨µÖ¿Û1.5Ôª,[]
1,17636634531686095171313,8644062179,1686095173000,1686095512000,750,1,0,150,0,36.525,ÆïÐÐ¿¨µÖ¿Û1.5Ôª,[]
1,17636634531686050656831,8644062179,1686050658000,1686052132000,3600,1,0,150,0,175.32,ÆïÐÐ¿¨µÖ¿Û1.5Ôª,[]
1,17636634531686046226328,8643349017,1686046229000,1686046496000,600,1,0,150,0,29.22,ÆïÐÐ¿¨µÖ¿Û1.5Ôª,[]
1,17636634531686012305100,8643250381,1686012308000,1686013070000,1800,1,0,150,0,87.66,ÆïÐÐ¿¨µÖ¿Û1.5Ôª,[]
1,17636634531686008825167,8643422723,1686008827000,1686009081000,600,1,0,150,0,29.22,ÆïÐÐ¿¨µÖ¿Û1.5Ôª,[]
1,17636634531686527119943,8643415195,1686527128000,1686527481000,750,1,0,150,0,36.525,ÆïÐÐ¿¨µÖ¿Û1.5Ôª,[]
1,17636634531686319454266,8643360116,1686319456000,1686323253000,9450,1,0,450,0,460.215,ÆïÐÐ¿¨µÖ¿Û4.5Ôª,[]
1,17636634531686310222551,8643415195,1686310224000,1686311500000,3150,1,0,150,0,153.405,ÆïÐÐ¿¨µÖ¿Û1.5Ôª,[]
1,17636634531686306832717,8643329787,1686306835000,1686307525000,1650,1,0,150,0,80.355,ÆïÐÐ¿¨µÖ¿Û1.5Ôª,[]
1,17636634531686272176589,8643468684,1686272178000,1686273099000,2250,1,0,150,0,109.575,ÆïÐÐ¿¨µÖ¿Û1.5Ôª,[]
1,17636634531686268028573,8643352595,1686268032000,1686268472000,1050,1,0,150,0,51.135,ÆïÐÐ¿¨µÖ¿Û1.5Ôª,[]
1,17636634531686222726452,8643352595,1686222732000,1686232621000,24600,1,0,900,0,1198.02,ÓÅ»ÝµÖ¿Û9Ôª,[]
1,17636634531686219052866,8643346300,1686219054000,1686219409000,750,1,0,150,0,36.525,ÆïÐÐ¿¨µÖ¿Û1.5Ôª,[]
1,17636634531686185250964,8643383511,1686185253000,1686185864000,1500,1,0,150,0,73.05,ÆïÐÐ¿¨µÖ¿Û1.5Ôª,[]
1,17636634531686181541743,8643352595,1686181544000,1686181829000,600,1,0,150,0,29.22,ÆïÐÐ¿¨µÖ¿Û1.5Ôª,[]
1,17636634531686704026529,8644009149,1686704062000,1686704741000,1650,1,0,150,0,80.355,ÆïÐÐ¿¨µÖ¿Û1.5Ôª,[]
1,17636634531686700554707,8643344275,1686700556000,1686700877000,750,1,0,150,0,36.525,ÆïÐÐ¿¨µÖ¿Û1.5Ôª,[]
1,17636634531686666948430,8643439467,1686666950000,1686667298000,750,1,0,150,0,36.525,ÆïÐÐ¿¨µÖ¿Û1.5Ôª,[]
1,17636634531686655483319,8643471434,1686655489000,1686659096000,9000,1,0,300,0,438.3,ÆïÐÐ¿¨µÖ¿Û3Ôª,[]
1,17636634531686652220733,8643371091,1686652221000,1686652455084,450,1,0,150,0,21.915,ÆïÐÐ¿¨µÖ¿Û1.5Ôª,[]
1,17636634531686617645294,8643455588,1686617645000,1686618575000,2250,1,0,150,0,109.575,ÆïÐÐ¿¨µÖ¿Û1.5Ôª,[]
1,17636634531686613609173,8644065561,1686613612000,1686613885000,600,1,0,150,0,29.22,ÆïÐÐ¿¨µÖ¿Û1.5Ôª,[]
1,17636634531686568623835,8643360116,1686568626000,1686568970000,750,1,0,150,0,36.525,ÆïÐÐ¿¨µÖ¿Û1.5Ôª,[]
1,17636634531686565941367,8643329727,1686565944000,1686566397000,1050,1,0,150,0,51.135,ÆïÐÐ¿¨µÖ¿Û1.5Ôª,[]
1,17636634531686532110833,8643280965,1686532112000,1686532517000,900,1,0,150,0,43.83,ÆïÐÐ¿¨µÖ¿Û1.5Ôª,[]
1,17636634531686877302166,8644073674,1686877304000,1686878214000,2250,1,0,150,0,109.575,ÆïÐÐ¿¨µÖ¿Û1.5Ôª,[]
1,17636634531686872935484,8644056556,1686872938000,1686873157000,450,1,0,150,0,21.915,ÆïÐÐ¿¨µÖ¿Û1.5Ôª,[]
1,17636634531686830616782,8644018929,1686830617000,1686832276000,4050,1,0,150,0,197.235,ÆïÐÐ¿¨µÖ¿Û1.5Ôª,[]
1,17636634531686827821974,8644053388,1686827825000,1686829672000,4500,1,0,150,0,219.15,ÆïÐÐ¿¨µÖ¿Û1.5Ôª,[]
1,17636634531686825186175,8643481922,1686825188000,1686827227000,4950,1,0,300,0,241.065,ÆïÐÐ¿¨µÖ¿Û3Ôª,[]
1,17636634531686790791439,8643292866,1686790793000,1686791473000,1650,1,0,150,0,80.355,ÆïÐÐ¿¨µÖ¿Û1.5Ôª,[]
1,17636634531686786458618,8643989909,1686786462000,1686786691000,450,1,0,150,0,21.915,ÆïÐÐ¿¨µÖ¿Û1.5Ôª,[]
1,17636634531686741670212,8643989909,1686741672000,1686741928000,600,1,0,150,0,29.22,ÆïÐÐ¿¨µÖ¿Û1.5Ôª,[]
1,17636634531686738452321,8644048646,1686738456000,1686738919000,1050,1,0,150,0,51.135,ÆïÐÐ¿¨µÖ¿Û1.5Ôª,[]
1,17636634531686738122620,8643353417,1686738125000,1686738309000,450,1,0,150,0,21.915,ÆïÐÐ¿¨µÖ¿Û1.5Ôª,[]
1,17636634531687304930137,8643435801,1687304933000,1687305139000,450,1,0,150,0,21.915,ÆïÐÐ¿¨µÖ¿Û1.5Ôª,[]
1,17636634531687259909447,8643435801,1687259912000,1687260512000,1500,1,0,150,0,73.05,ÆïÐÐ¿¨µÖ¿Û1.5Ôª,[]
1,17636634531687255905401,8643448057,1687255910000,1687256364000,1050,1,0,150,0,51.135,ÆïÐÐ¿¨µÖ¿Û1.5Ôª,[]
1,17636634531687221960136,8644021726,1687221961000,1687222418000,1050,1,0,150,0,51.135,ÆïÐÐ¿¨µÖ¿Û1.5Ôª,[]
1,17636634531687218477903,8643275146,1687218481000,1687218719000,450,1,0,150,0,21.915,ÆïÐÐ¿¨µÖ¿Û1.5Ôª,[]
1,17636634531687174486456,8643273890,1687174488000,1687176274000,4350,1,0,150,0,211.845,ÆïÐÐ¿¨µÖ¿Û1.5Ôª,[]
1,17636634531687171389738,8643471381,1687171392000,1687171887000,1200,1,0,150,0,58.44,ÆïÐÐ¿¨µÖ¿Û1.5Ôª,[]
1,17636634531687137395421,8643278092,1687137398000,1687137887000,1200,1,0,150,0,58.44,ÆïÐÐ¿¨µÖ¿Û1.5Ôª,[]
1,17636634531687132620038,8643364279,1687132623000,1687133165000,1350,1,0,150,0,65.745,ÆïÐÐ¿¨µÖ¿Û1.5Ôª,[]
1,17636634531686918350616,8643266368,1686918386000,1686920167273,4350,1,0,150,0,211.845,ÆïÐÐ¿¨µÖ¿Û1.5Ôª,[]
1,17636634531687740187571,8644528103,1687740188000,1687740845000,1500,1,0,150,0,73.05,ÆïÐÐ¿¨µÖ¿Û1.5Ôª,[]
1,17636634531687736921292,8643473693,1687736923000,1687737139000,450,1,0,150,0,21.915,ÆïÐÐ¿¨µÖ¿Û1.5Ôª,[]
1,17636634531687695900562,8643456154,1687695901000,1687697090000,2850,1,0,150,0,138.795,ÆïÐÐ¿¨µÖ¿Û1.5Ôª,[]
1,17636634531687693378254,8643456154,1687693381000,1687694564000,2850,1,0,150,0,138.795,ÆïÐÐ¿¨µÖ¿Û1.5Ôª,[]
1,17636634531687689091999,8643294325,1687689092000,1687689335856,600,1,0,150,0,29.22,ÆïÐÐ¿¨µÖ¿Û1.5Ôª,[]
1,17636634531687654479171,8643439556,1687654480000,1687655642744,2850,1,0,150,0,138.795,ÆïÐÐ¿¨µÖ¿Û1.5Ôª,[]
1,17636634531687650985086,8643265698,1687650989000,1687651269000,600,1,0,150,0,29.22,ÆïÐÐ¿¨µÖ¿Û1.5Ôª,[]
1,17636634531687444570808,8644060904,1687444572000,1687451511000,17250,1,0,600,0,840.075,ÆïÐÐ¿¨µÖ¿Û6Ôª,[]
1,17636634531687342341570,8643283578,1687342347000,1687342613000,600,1,0,150,0,29.22,ÆïÐÐ¿¨µÖ¿Û1.5Ôª,[]
1,17636634531687308651955,8644080280,1687308653000,1687309093000,1050,1,0,150,0,51.135,ÆïÐÐ¿¨µÖ¿Û1.5Ôª,[]
1,17636634531687913246009,8643429303,1687913247000,1687913717000,1050,1,0,150,0,51.135,ÆïÐÐ¿¨µÖ¿Û1.5Ôª,[]
1,17636634531687909250437,8643381766,1687909253000,1687909679000,1050,1,0,150,0,51.135,ÆïÐÐ¿¨µÖ¿Û1.5Ôª,[]
1,17636634531687869654532,8644038877,1687869656000,1687876594000,17250,1,0,600,0,840.075,ÆïÐÐ¿¨µÖ¿Û6Ôª,[]
1,17636634531687865285166,8643381766,1687865295000,1687865614000,750,1,0,150,0,36.525,ÆïÐÐ¿¨µÖ¿Û1.5Ôª,[]
1,17636634531687861131325,8644045705,1687861133000,1687861560000,1050,1,0,150,0,51.135,ÆïÐÐ¿¨µÖ¿Û1.5Ôª,[]
1,17636634531687826932605,8643264756,1687826939000,1687827641000,1650,1,0,150,0,80.355,ÆïÐÐ¿¨µÖ¿Û1.5Ôª,[]
1,17636634531687823460010,8643475012,1687823463000,1687824243000,1950,1,0,150,0,94.965,ÆïÐÐ¿¨µÖ¿Û1.5Ôª,[]
1,17636634531687787262838,8643360907,1687787271000,1687788799000,3750,1,0,150,0,182.625,ÆïÐÐ¿¨µÖ¿Û1.5Ôª,[]
1,17636634531687779345963,8643473693,1687779347000,1687786548000,18000,1,0,600,0,876.6,ÆïÐÐ¿¨µÖ¿Û6Ôª,[]
1,17636634531687774414349,8644079176,1687774416000,1687774943000,1200,1,0,150,0,58.44,ÆïÐÐ¿¨µÖ¿Û1.5Ôª,[]
1,17636634531688304020062,8643347237,1688304055000,1688304814180,1800,1,0,150,0,87.66,ÆïÐÐ¿¨µÖ¿Û1.5Ôª,[]
1,17636634531688119976535,8643365195,1688119978000,1688122355000,5850,1,0,300,0,284.895,ÆïÐÐ¿¨µÖ¿Û3Ôª,[]
1,17636634531688086132187,8643257512,1688086136000,1688086821000,1650,1,0,150,0,80.355,ÆïÐÐ¿¨µÖ¿Û1.5Ôª,[]
1,17636634531688082541457,8644052412,1688082547000,1688083732000,2850,1,0,150,0,138.795,ÆïÐÐ¿¨µÖ¿Û1.5Ôª,[]
1,17636634531688038443372,8644374769,1688038453000,1688038635000,450,1,0,150,0,21.915,ÆïÐÐ¿¨µÖ¿Û1.5Ôª,[]
1,17636634531688034477258,8643237801,1688034480000,1688034800000,750,1,0,150,0,36.525,ÆïÐÐ¿¨µÖ¿Û1.5Ôª,[]
1,17636634531688000811507,8643444172,1688000814000,1688001228000,900,1,0,150,0,43.83,ÆïÐÐ¿¨µÖ¿Û1.5Ôª,[]
1,17636634531687997550667,8644071883,1687997553000,1687998370000,1950,1,0,150,0,94.965,ÆïÐÐ¿¨µÖ¿Û1.5Ôª,[]
1,17636634531687952065934,8643381766,1687952068000,1687952467000,900,1,0,150,0,43.83,ÆïÐÐ¿¨µÖ¿Û1.5Ôª,[]
1,17636634531687947410134,8644373999,1687947413000,1687947651000,450,1,0,150,0,21.915,ÆïÐÐ¿¨µÖ¿Û1.5Ôª,[]
1,17636634531688601362052,8643411388,1688601363000,1688601746000,900,1,0,150,0,43.83,ÆïÐÐ¿¨µÖ¿Û1.5Ôª,[]
1,17636634531688556265711,8643481665,1688556274000,1688556530000,600,1,0,150,0,29.22,ÆïÐÐ¿¨µÖ¿Û1.5Ôª,[]
1,17636634531688551632384,8643292538,1688551635000,1688552252000,1500,1,0,150,0,73.05,ÆïÐÐ¿¨µÖ¿Û1.5Ôª,[]
1,17636634531688517785273,8643468052,1688517787000,1688518379000,1350,1,0,150,0,65.745,ÆïÐÐ¿¨µÖ¿Û1.5Ôª,[]
1,17636634531688514309565,8643276283,1688514313000,1688514586000,600,1,0,150,0,29.22,ÆïÐÐ¿¨µÖ¿Û1.5Ôª,[]
1,17636634531688465797985,8643462692,1688465833000,1688466015000,450,1,0,150,0,21.915,ÆïÐÐ¿¨µÖ¿Û1.5Ôª,[]
1,17636634531688427900874,8652210513,1688427904000,1688428207000,750,1,0,150,0,36.525,ÆïÐÐ¿¨µÖ¿Û1.5Ôª,[]
1,17636634531688384869871,8652210513,1688384872000,1688392942000,20100,1,0,750,0,978.87,ÓÅ»ÝµÖ¿Û7.5Ôª,[]
1,17636634531688381971903,8644020487,1688381974000,1688382296000,750,1,0,150,0,36.525,ÆïÐÐ¿¨µÖ¿Û1.5Ôª,[]
1,17636634531688343780246,8643429962,1688343782000,1688350711000,17250,1,0,600,0,840.075,ÆïÐÐ¿¨µÖ¿Û6Ôª,[]
1,17636634531636416489054,8640141345,1636416491000,1636416804000,750,1,0,150,0,36.5,ÆïÐÐ¿¨µÖ¿Û1.5Ôª,[]
1,17636634531636367759545,8651893298,1636367761000,1636368194000,1050,1,0,150,0,51.1,ÆïÐÐ¿¨µÖ¿Û1.5Ôª,[]
1,17636634531636330411968,8651890963,1636330413000,1636330753000,750,1,0,150,0,36.5,ÆïÐÐ¿¨µÖ¿Û1.5Ôª,[]
1,17636634531636194962626,8652404985,1636194964000,1636197456000,6150,1,0,300,0,299.5,ÆïÐÐ¿¨µÖ¿Û3Ôª,[]
1,17636634531636157833375,8653789510,1636157835000,1636158148000,750,1,0,150,0,36.5,ÆïÐÐ¿¨µÖ¿Û1.5Ôª,[]
1,17636634531636111745720,8653789510,1636111748000,1636112118000,900,1,0,150,0,43.8,ÆïÐÐ¿¨µÖ¿Û1.5Ôª,[]
1,17636634531636071096832,8653953567,1636071098000,1636071471000,900,1,0,150,0,43.8,ÆïÐÐ¿¨µÖ¿Û1.5Ôª,[]
1,17636634531635984979538,8653900987,1635984981000,1635985499000,1200,1,0,150,0,58.4,ÆïÐÐ¿¨µÖ¿Û1.5Ôª,[]
1,17636634531635941511688,8642082245,1635941513000,1635942709000,2850,1,0,150,0,138.7,ÆïÐÐ¿¨µÖ¿Û1.5Ôª,[]
1,17636634531635940009402,8642082245,1635940011000,1635940203000,450,1,0,150,0,21.9,ÆïÐÐ¿¨µÖ¿Û1.5Ôª,[]
1,17636634531688984661248,8643275705,1688984696000,1688984983337,600,1,0,150,0,29.22,ÆïÐÐ¿¨µÖ¿Û1.5Ôª,['Î¥¹æÍ£³µ£¨¹ÜÀí·ÑÒÑÃâ³ý£©']
1,17636634531688950161037,8644017505,1688950196000,1688951546185,3300,1,0,150,0,160.71,ÆïÐÐ¿¨µÖ¿Û1.5Ôª,[]
1,17636634531688946587454,8644009273,1688946589000,1688950146000,8850,1,0,300,0,430.995,ÆïÐÐ¿¨µÖ¿Û3Ôª,[]
1,17636634531688732897657,8643273065,1688732899000,1688734012000,2700,1,0,150,0,131.49,ÆïÐÐ¿¨µÖ¿Û1.5Ôª,[]
1,17636634531688725989544,8644397956,1688726025000,1688726926000,2250,1,0,150,0,109.575,ÆïÐÐ¿¨µÖ¿Û1.5Ôª,[]
1,17636634531688691910377,8643452703,1688691911000,1688692449000,1200,1,0,150,0,58.44,ÆïÐÐ¿¨µÖ¿Û1.5Ôª,[]
1,17636634531688654046002,8651461155,1688654050000,1688654650000,1500,1,0,150,0,73.05,ÆïÐÐ¿¨µÖ¿Û1.5Ôª,[]
1,17636634531688648323248,8644076141,1688648324000,1688649589000,3150,1,0,150,0,153.405,ÆïÐÐ¿¨µÖ¿Û1.5Ôª,[]
1,17636634531688639111075,8643266203,1688639111000,1688639519543,900,1,0,150,0,43.83,ÆïÐÐ¿¨µÖ¿Û1.5Ôª,[]
1,17636634531688604705039,8643276111,1688604707000,1688605546000,1950,1,0,150,0,94.965,ÆïÐÐ¿¨µÖ¿Û1.5Ôª,[]
1,17636634531689156551736,8643371583,1689156557000,1689160543000,9900,1,0,450,0,482.13,ÆïÐÐ¿¨µÖ¿Û4.5Ôª,[]
1,17636634531689134477654,8644059925,1689134480000,1689134786000,750,1,0,150,0,36.525,ÆïÐÐ¿¨µÖ¿Û1.5Ôª,[]
1,17636634531689122770855,8643408121,1689122774000,1689123999000,3000,1,0,150,0,146.1,ÆïÐÐ¿¨µÖ¿Û1.5Ôª,[]
1,17636634531689119260708,8644015319,1689119296000,1689121535172,5550,1,0,300,0,270.285,ÆïÐÐ¿¨µÖ¿Û3Ôª,[]
1,17636634531689119173118,8644012276,1689119174000,1689119193000,0,1,0,0,0,0.0,,[]
1,17636634531689078469325,8643345434,1689078469000,1689079428000,2250,1,0,150,0,109.575,ÆïÐÐ¿¨µÖ¿Û1.5Ôª,[]
1,17636634531689074110788,8644012276,1689074113000,1689078005000,9600,1,0,450,0,467.52,ÆïÐÐ¿¨µÖ¿Û4.5Ôª,[]
1,17636634531689070386825,8644056377,1689070422000,1689071149838,1800,1,0,150,0,87.66,ÆïÐÐ¿¨µÖ¿Û1.5Ôª,[]
1,17636634531689036072571,8643432009,1689036108000,1689039871108,9300,1,0,450,0,452.91,ÆïÐÐ¿¨µÖ¿Û4.5Ôª,[]
1,17636634531689032837921,8644021287,1689032841000,1689033035000,450,1,0,150,0,21.915,ÆïÐÐ¿¨µÖ¿Û1.5Ôª,[]
1,17636634531689295226408,8644064108,1689295227000,1689295988000,1800,1,0,150,0,87.66,ÆïÐÐ¿¨µÖ¿Û1.5Ôª,[]
1,17636634531689291809134,8643296721,1689291813000,1689295178000,8400,1,0,300,0,409.08,ÆïÐÐ¿¨µÖ¿Û3Ôª,[]
1,17636634531689252386812,8643355706,1689252388000,1689259650000,18150,1,0,750,0,883.905,ÓÅ»ÝµÖ¿Û7.5Ôª,[]
1,17636634531689247251539,8643296721,1689247254000,1689252338000,12600,1,0,450,0,613.62,ÆïÐÐ¿¨µÖ¿Û4.5Ôª,[]
1,17636634531689243052781,8643287900,1689243088000,1689245188099,5250,1,0,300,0,255.67500000000004,ÆïÐÐ¿¨µÖ¿Û3Ôª,[]
1,17636634531689221248703,8643281872,1689221251000,1689221384000,300,1,0,150,0,14.61,ÆïÐÐ¿¨µÖ¿Û1.5Ôª,[]
1,17636634531689209024753,8644058704,1689209026000,1689209550000,1200,1,0,150,0,58.44,ÆïÐÐ¿¨µÖ¿Û1.5Ôª,[]
1,17636634531689205395228,8643348248,1689205398000,1689205722000,750,1,0,150,0,36.525,ÆïÐÐ¿¨µÖ¿Û1.5Ôª,[]
1,17636634531689163374894,8643272790,1689163376000,1689170308000,17250,1,0,600,0,840.075,ÆïÐÐ¿¨µÖ¿Û6Ôª,[]
1,17636634531689160576268,8643428844,1689160579000,1689161291000,1650,1,0,150,0,80.355,ÆïÐÐ¿¨µÖ¿Û1.5Ôª,[]
1,17636634531689675548285,8644066032,1689675583000,1689676191004,1500,1,0,150,0,73.05,ÆïÐÐ¿¨µÖ¿Û1.5Ôª,[]
1,17636634531689649736348,8643272790,1689649744000,1689651703000,4800,1,0,300,0,233.76,ÆïÐÐ¿¨µÖ¿Û3Ôª,[]
1,17636634531689640982861,8643369641,1689640985000,1689641545000,1350,1,0,150,0,65.745,ÆïÐÐ¿¨µÖ¿Û1.5Ôª,[]
1,17636634531689637586578,8643281872,1689637589000,1689637929000,750,1,0,150,0,36.525,ÆïÐÐ¿¨µÖ¿Û1.5Ôª,[]
1,17636634531689594384311,8644038643,1689594387000,1689604692000,25650,1,0,900,0,1249.155,ÓÅ»ÝµÖ¿Û9Ôª,[]
1,17636634531689556576783,8643307666,1689556577000,1689557026000,1050,1,0,150,0,51.135,ÆïÐÐ¿¨µÖ¿Û1.5Ôª,[]
1,17636634531689551236368,8643351625,1689551239000,1689551497000,600,1,0,150,0,29.22,ÆïÐÐ¿¨µÖ¿Û1.5Ôª,[]
1,17636634531689334432832,8643408441,1689334438000,1689338995000,11250,1,0,450,0,547.875,ÆïÐÐ¿¨µÖ¿Û4.5Ôª,[]
1,17636634531689329475395,8644021118,1689329522000,1689329917000,900,1,0,150,0,43.83,ÆïÐÐ¿¨µÖ¿Û1.5Ôª,[]
1,17636634531689306806593,8643272790,1689306809000,1689307409000,1500,1,0,150,0,73.05,ÆïÐÐ¿¨µÖ¿Û1.5Ôª,[]
1,17636634531689822672128,8643272790,1689822675000,1689824851000,5400,1,0,300,0,262.98,ÆïÐÐ¿¨µÖ¿Û3Ôª,[]
1,17636634531689814837007,8643279938,1689814839000,1689815536000,1650,1,0,150,0,80.355,ÆïÐÐ¿¨µÖ¿Û1.5Ôª,[]
1,17636634531689811504027,8644030410,1689811507000,1689814715000,7950,1,0,300,0,387.165,ÆïÐÐ¿¨µÖ¿Û3Ôª,[]
1,17636634531689765486493,8644030410,1689765489000,1689765758000,600,1,0,150,0,29.22,ÆïÐÐ¿¨µÖ¿Û1.5Ôª,[]
1,17636634531689761744384,8644398351,1689761746000,1689762120000,900,1,0,150,0,43.83,ÆïÐÐ¿¨µÖ¿Û1.5Ôª,[]
1,17636634531689738980025,8643272790,1689738983000,1689739669000,1650,1,0,150,0,80.355,ÆïÐÐ¿¨µÖ¿Û1.5Ôª,[]
1,17636634531689738909180,8643259405,1689738912000,1689738963000,0,1,0,0,0,0.0,,[]
1,17636634531689727316824,8644074208,1689727318000,1689727767000,1050,1,0,150,0,51.135,ÆïÐÐ¿¨µÖ¿Û1.5Ôª,[]
1,17636634531689723949920,8644035973,1689723953000,1689724276000,750,1,0,150,0,36.525,ÆïÐÐ¿¨µÖ¿Û1.5Ôª,[]
1,17636634531689678912795,8644035973,1689678914000,1689679917000,2400,1,0,150,0,116.88,ÆïÐÐ¿¨µÖ¿Û1.5Ôª,[]
1,17636634531690159518791,8643345613,1690159520000,1690160040000,1200,1,0,150,0,58.44,ÆïÐÐ¿¨µÖ¿Û1.5Ôª,[]
1,17636634531690155967219,8644393599,1690155975000,1690156203000,450,1,0,150,0,21.915,ÆïÐÐ¿¨µÖ¿Û1.5Ôª,[]
1,17636634531690033322331,8644396203,1690033357000,1690039226809,14550,1,0,600,0,708.585,ÆïÐÐ¿¨µÖ¿Û6Ôª,[]
1,17636634531690012045114,8643279445,1690012054000,1690012680000,1500,1,0,150,0,73.05,ÆïÐÐ¿¨µÖ¿Û1.5Ôª,[]
1,17636634531689998988100,8644525517,1689999023000,1690000316711,3150,1,0,150,0,153.405,ÆïÐÐ¿¨µÖ¿Û1.5Ôª,[]
1,17636634531689939056581,8643990620,1689939058000,1689944872000,14400,1,0,600,0,701.28,ÆïÐÐ¿¨µÖ¿Û6Ôª,[]
1,17636634531689909961250,8643272790,1689909964000,1689911792000,4500,1,0,150,0,219.15,ÆïÐÐ¿¨µÖ¿Û1.5Ôª,[]
1,17636634531689900714012,8643269412,1689900749000,1689903608071,7050,1,0,300,0,343.335,ÆïÐÐ¿¨µÖ¿Û3Ôª,['Î¥¹æÍ£³µ£¨¹ÜÀí·ÑÒÑÃâ³ý£©']
1,17636634531689896840936,8643295096,1689896843000,1689900705000,9600,1,0,450,0,467.52,ÆïÐÐ¿¨µÖ¿Û4.5Ôª,[]
1,17636634531689852281125,8643301219,1689852284000,1689858360000,15150,1,0,600,0,737.805,ÆïÐÐ¿¨µÖ¿Û6Ôª,[]
1,17636634531690366942815,8643241869,1690366944000,1690367142000,450,1,0,150,0,21.915,ÆïÐÐ¿¨µÖ¿Û1.5Ôª,[]
1,17636634531690332424092,8643269281,1690332425000,1690332971000,1350,1,0,150,0,65.745,ÆïÐÐ¿¨µÖ¿Û1.5Ôª,[]
1,17636634531690328756174,8644056374,1690328757000,1690329000000,600,1,0,150,0,29.22,ÆïÐÐ¿¨µÖ¿Û1.5Ôª,[]
1,17636634531690284432958,8644054202,1690284468000,1690289135025,11550,1,0,450,0,562.485,ÆïÐÐ¿¨µÖ¿Û4.5Ôª,[]
1,17636634531690280406942,8643423670,1690280408000,1690280756000,750,1,0,150,0,36.525,ÆïÐÐ¿¨µÖ¿Û1.5Ôª,[]
1,17636634531690246422439,8643939325,1690246423000,1690247127000,1650,1,0,150,0,80.355,ÆïÐÐ¿¨µÖ¿Û1.5Ôª,[]
1,17636634531690243086380,8643989205,1690243089000,1690243877000,1950,1,0,150,0,94.965,ÆïÐÐ¿¨µÖ¿Û1.5Ôª,[]
1,17636634531690197324552,8643989205,1690197330000,1690197765000,1050,1,0,150,0,51.135,ÆïÐÐ¿¨µÖ¿Û1.5Ôª,[]
1,17636634531690193324858,8643358118,1690193360000,1690194675548,3150,1,0,150,0,153.405,ÆïÐÐ¿¨µÖ¿Û1.5Ôª,[]
1,17636634531690168245297,8643272790,1690168247000,1690168847000,1500,1,0,150,0,73.05,ÆïÐÐ¿¨µÖ¿Û1.5Ôª,[]
1,17636634531690628278934,8643942759,1690628280000,1690641351000,32550,1,0,1200,0,1585.185,ÓÅ»ÝµÖ¿Û12Ôª,[]
1,17636634531690628182533,8643242675,1690628185000,1690628258000,150,1,0,150,0,7.305,ÆïÐÐ¿¨µÖ¿Û1.5Ôª,[]
1,17636634531690541446111,8643445628,1690541481000,1690542089065,1500,1,0,150,0,73.05,ÆïÐÐ¿¨µÖ¿Û1.5Ôª,[]
1,17636634531690516045500,8643424275,1690516048000,1690516699000,1500,1,0,150,0,73.05,ÆïÐÐ¿¨µÖ¿Û1.5Ôª,[]
1,17636634531690505617191,8644018732,1690505652000,1690506708297,2550,1,0,150,0,124.185,ÆïÐÐ¿¨µÖ¿Û1.5Ôª,[]
1,17636634531690458094764,8643307919,1690458098000,1690467668000,23850,1,0,900,0,1161.495,ÓÅ»ÝµÖ¿Û9Ôª,[]
1,17636634531690454822754,8643467493,1690454824000,1690455144000,750,1,0,150,0,36.525,ÆïÐÐ¿¨µÖ¿Û1.5Ôª,[]
1,17636634531690419978905,8643431140,1690419981000,1690420567000,1350,1,0,150,0,65.745,ÆïÐÐ¿¨µÖ¿Û1.5Ôª,[]
1,17636634531690416581006,8644040221,1690416584000,1690419972000,8400,1,0,300,0,409.08,ÆïÐÐ¿¨µÖ¿Û3Ôª,[]
1,17636634531690371680525,8644040221,1690371681000,1690372047000,900,1,0,150,0,43.83,ÆïÐÐ¿¨µÖ¿Û1.5Ôª,[]
1,17636634531690952514260,8644016761,1690952518000,1690961383000,22050,1,0,750,150,1073.835,ÆïÐÐ¿¨µÖ¿Û6Ôª,[]
1,17636634531690936546884,8644016824,1690936548000,1690936943000,900,1,0,150,0,43.83,ÆïÐÐ¿¨µÖ¿Û1.5Ôª,[]
1,17636634531690933462453,8643464063,1690933465000,1690933713000,600,1,0,150,0,29.22,ÆïÐÐ¿¨µÖ¿Û1.5Ôª,[]
1,17636634531690884713749,8643403729,1690884716000,1690885196000,1200,1,0,150,0,58.44,ÆïÐÐ¿¨µÖ¿Û1.5Ôª,[]
1,17636634531690850699064,8643942834,1690850700000,1690851179000,1050,1,0,150,0,51.135,ÆïÐÐ¿¨µÖ¿Û1.5Ôª,[]
1,17636634531690847168473,8643467411,1690847172000,1690847372000,450,1,0,150,0,21.915,ÆïÐÐ¿¨µÖ¿Û1.5Ôª,[]
1,17636634531690803834078,8643423984,1690803835000,1690804435000,1500,1,0,150,0,73.05,ÆïÐÐ¿¨µÖ¿Û1.5Ôª,[]
1,17636634531690800083252,8643468023,1690800086000,1690800935000,2100,1,0,150,0,102.27,ÆïÐÐ¿¨µÖ¿Û1.5Ôª,[]
1,17636634531690765473813,8644061361,1690765509000,1690768823658,8250,1,0,300,0,401.775,ÆïÐÐ¿¨µÖ¿Û3Ôª,[]
1,17636634531690760927961,8643307919,1690760963000,1690761854183,2100,1,0,150,0,102.27,ÆïÐÐ¿¨µÖ¿Û1.5Ôª,[]
1,17636634531691149011815,8644031520,1691149017000,1691157192000,20400,1,0,750,0,993.48,ÓÅ»ÝµÖ¿Û7.5Ôª,[]
1,17636634531691144252437,8643441300,1691144256000,1691144531626,600,1,0,150,0,29.22,ÆïÐÐ¿¨µÖ¿Û1.5Ôª,[]
1,17636634531691109859766,8643436192,1691109861000,1691109954000,150,1,0,150,0,7.305,ÆïÐÐ¿¨µÖ¿Û1.5Ôª,[]
1,17636634531691109559132,8643436192,1691109561000,1691109769000,450,1,0,150,0,21.915,ÆïÐÐ¿¨µÖ¿Û1.5Ôª,[]
1,17636634531691106334206,8643267591,1691106336000,1691109551000,7950,1,0,300,0,387.165,ÆïÐÐ¿¨µÖ¿Û3Ôª,[]
1,17636634531691058179073,8643479098,1691058180000,1691058586000,900,1,0,150,0,43.83,ÆïÐÐ¿¨µÖ¿Û1.5Ôª,[]
1,17636634531691023237494,8643447463,1691023238000,1691024174000,2250,1,0,150,0,109.575,ÆïÐÐ¿¨µÖ¿Û1.5Ôª,[]
1,17636634531691020095804,8643409191,1691020100000,1691020359000,600,1,0,150,0,29.22,ÆïÐÐ¿¨µÖ¿Û1.5Ôª,[]
1,17636634531690974763199,8643409191,1690974766000,1690976431000,4050,1,0,150,0,197.235,ÆïÐÐ¿¨µÖ¿Û1.5Ôª,[]
1,17636634531690971550167,8643331723,1690971551000,1690974752000,7950,1,0,300,0,387.165,ÆïÐÐ¿¨µÖ¿Û3Ôª,[]
1,17636634531637021420360,8641024033,1637021421000,1637021776000,750,1,0,150,0,36.5,ÆïÐÐ¿¨µÖ¿Û1.5Ôª,[]
1,17636634531636935036117,8651411761,1636935038000,1636935321000,600,1,0,150,0,29.2,ÆïÐÐ¿¨µÖ¿Û1.5Ôª,[]
1,17636634531636713149218,8653905032,1636713151000,1636713461000,750,1,0,150,0,36.5,ÆïÐÐ¿¨µÖ¿Û1.5Ôª,[]
2,17636634531636692396590,8661561221,1636692437000,1636695064104,5480,1,0,550,150,298.6,ÆïÐÐ¿¨µÖ¿Û4Ôª,[]
1,17636634531636675361371,8651888070,1636675363000,1636675736000,900,1,0,150,0,43.8,ÆïÐÐ¿¨µÖ¿Û1.5Ôª,[]
1,17636634531636625626479,8653912093,1636625628000,1636625947000,750,1,0,150,0,36.5,ÆïÐÐ¿¨µÖ¿Û1.5Ôª,[]
1,17636634531636588982746,8653913954,1636588985000,1636589503000,1200,1,0,150,0,58.4,ÆïÐÐ¿¨µÖ¿Û1.5Ôª,[]
1,17636634531636540751549,8653901633,1636540753000,1636541145000,900,1,0,150,0,43.8,ÆïÐÐ¿¨µÖ¿Û1.5Ôª,[]
1,17636634531636502448852,8653904243,1636502449000,1636504074586,4050,1,0,150,0,197.2,ÆïÐÐ¿¨µÖ¿Û1.5Ôª,[]
1,17636634531636454397401,8640004988,1636454400000,1636454724000,750,1,0,150,0,36.5,ÆïÐÐ¿¨µÖ¿Û1.5Ôª,[]
1,17636634531691538457491,8644057129,1691538459000,1691538673000,450,1,0,150,0,21.915,ÆïÐÐ¿¨µÖ¿Û1.5Ôª,[]
1,17636634531691495918981,8644057316,1691495921000,1691499673000,9300,1,0,450,0,452.91,ÆïÐÐ¿¨µÖ¿Û4.5Ôª,[]
1,17636634531691492367551,8644075022,1691492368000,1691492790000,1050,1,0,150,0,51.135,ÆïÐÐ¿¨µÖ¿Û1.5Ôª,[]
1,17636634531691458283157,8644006960,1691458286000,1691458970000,1650,1,0,150,0,80.355,ÆïÐÐ¿¨µÖ¿Û1.5Ôª,[]
1,17636634531691407928865,8644007402,1691407931000,1691408660000,1800,1,0,150,0,87.66,ÆïÐÐ¿¨µÖ¿Û1.5Ôª,[]
1,17636634531691404570117,8644027457,1691404572000,1691405039000,1050,1,0,150,0,51.135,ÆïÐÐ¿¨µÖ¿Û1.5Ôª,[]
1,17636634531691370922271,8643261220,1691370922272,1691371480003,1350,1,0,150,0,65.745,ÆïÐÐ¿¨µÖ¿Û1.5Ôª,[]
1,17636634531691286659992,8643459729,1691286663000,1691288827000,5400,1,0,300,0,262.98,ÆïÐÐ¿¨µÖ¿Û3Ôª,[]
1,17636634531691239957942,8643405403,1691239959000,1691240710000,1800,1,0,150,0,87.66,ÆïÐÐ¿¨µÖ¿Û1.5Ôª,[]
1,17636634531691238974227,8643405403,1691238977000,1691239899000,2250,1,0,150,0,109.575,ÆïÐÐ¿¨µÖ¿Û1.5Ôª,[]
1,17636634531691749530265,8643270812,1691749531000,1691750667000,2700,1,0,150,0,131.49,ÆïÐÐ¿¨µÖ¿Û1.5Ôª,[]
1,17636634531691714310046,8643241225,1691714311000,1691714839000,1200,1,0,150,0,58.44,ÆïÐÐ¿¨µÖ¿Û1.5Ôª,[]
1,17636634531691711185203,8643467094,1691711188000,1691711412000,450,1,0,150,0,21.915,ÆïÐÐ¿¨µÖ¿Û1.5Ôª,[]
1,17636634531691663073939,8643298691,1691663109000,1691663867874,1800,1,0,150,0,87.66,ÆïÐÐ¿¨µÖ¿Û1.5Ôª,[]
1,17636634531691627704279,8643239493,1691627739000,1691629025275,3150,1,0,150,0,153.405,ÆïÐÐ¿¨µÖ¿Û1.5Ôª,[]
1,17636634531691624684093,8643338935,1691624688000,1691624992000,750,1,0,150,0,36.525,ÆïÐÐ¿¨µÖ¿Û1.5Ôª,[]
1,17636634531691592356393,8643338935,1691592360000,1691592867000,1200,1,0,150,0,58.44,ÆïÐÐ¿¨µÖ¿Û1.5Ôª,[]
1,17636634531691580845494,8643274904,1691580848000,1691588026000,17850,1,0,600,0,869.295,ÆïÐÐ¿¨µÖ¿Û6Ôª,[]
1,17636634531691576810826,8644526885,1691576846000,1691577451643,1500,1,0,150,0,73.05,ÆïÐÐ¿¨µÖ¿Û1.5Ôª,[]
1,17636634531691541470566,8644020105,1691541471000,1691541894000,1050,1,0,150,0,51.135,ÆïÐÐ¿¨µÖ¿Û1.5Ôª,[]
1,17636634531692094980623,8644050584,1692094984000,1692095526000,1350,1,0,150,0,65.745,ÆïÐÐ¿¨µÖ¿Û1.5Ôª,[]
1,17636634531692059984491,8644050584,1692059986000,1692060655000,1650,1,0,150,0,80.355,ÆïÐÐ¿¨µÖ¿Û1.5Ôª,[]
1,17636634531692056808634,8643421160,1692056811000,1692057085000,600,1,0,150,0,29.22,ÆïÐÐ¿¨µÖ¿Û1.5Ôª,[]
1,17636634531692014179308,8643368991,1692014184000,1692015210000,2550,1,0,150,0,124.185,ÆïÐÐ¿¨µÖ¿Û1.5Ôª,[]
1,17636634531692010848195,8644027185,1692010849000,1692011113000,600,1,0,150,0,29.22,ÆïÐÐ¿¨µÖ¿Û1.5Ôª,[]
1,17636634531691976090689,8644011263,1691976094000,1691976250000,300,1,0,150,0,14.61,ÆïÐÐ¿¨µÖ¿Û1.5Ôª,[]
1,17636634531691972080168,8643411180,1691972082000,1691973097000,2400,1,0,150,0,116.88,ÆïÐÐ¿¨µÖ¿Û1.5Ôª,[]
1,17636634531691931679999,8643430650,1691931682000,1691939288000,18900,1,0,750,0,920.43,ÓÅ»ÝµÖ¿Û7.5Ôª,[]
1,17636634531691765701279,8643369983,1691765703000,1691767246000,3750,1,0,150,0,182.625,ÆïÐÐ¿¨µÖ¿Û1.5Ôª,[]
1,17636634531691754175751,8643437689,1691754178000,1691758071000,9600,1,0,450,0,467.52,ÆïÐÐ¿¨µÖ¿Û4.5Ôª,[]
1,17636634531692356438286,8643261822,1692356439000,1692356710000,600,1,0,150,0,29.22,ÆïÐÐ¿¨µÖ¿Û1.5Ôª,[]
1,17636634531692323220536,8643465019,1692323256000,1692330204808,17250,1,0,600,300,840.075,ÆïÐÐ¿¨µÖ¿Û3Ôª,[]
1,17636634531692273163968,8643988250,1692273166000,1692273860000,1650,1,0,150,0,80.355,ÆïÐÐ¿¨µÖ¿Û1.5Ôª,[]
1,17636634531692269391519,8644037006,1692269393000,1692269783000,900,1,0,150,0,43.83,ÆïÐÐ¿¨µÖ¿Û1.5Ôª,[]
1,17636634531692235351068,8643438247,1692235357000,1692235743000,900,1,0,150,0,43.83,ÆïÐÐ¿¨µÖ¿Û1.5Ôª,[]
1,17636634531692232143607,8644064499,1692232145000,1692232782000,1500,1,0,150,0,73.05,ÆïÐÐ¿¨µÖ¿Û1.5Ôª,[]
1,17636634531692184785968,8643449016,1692184787000,1692186013000,3000,1,0,150,0,146.1,ÆïÐÐ¿¨µÖ¿Û1.5Ôª,[]
1,17636634531692181039593,8643439202,1692181075000,1692182053641,2400,1,0,150,0,116.88,ÆïÐÐ¿¨µÖ¿Û1.5Ôª,[]
1,17636634531692146349293,8644049975,1692146350000,1692146682901,750,1,0,150,0,36.525,ÆïÐÐ¿¨µÖ¿Û1.5Ôª,[]
1,17636634531692143174398,8643357814,1692143176000,1692143503000,750,1,0,150,0,36.525,ÆïÐÐ¿¨µÖ¿Û1.5Ôª,[]
1,17636634531692700275324,8644037269,1692700278000,1692700417000,300,1,0,150,0,14.61,ÆïÐÐ¿¨µÖ¿Û1.5Ôª,[]
1,17636634531692664775432,8644053841,1692664776000,1692665382000,1500,1,0,150,0,73.05,ÆïÐÐ¿¨µÖ¿Û1.5Ôª,[]
1,17636634531692661660828,8643448610,1692661662000,1692661902000,600,1,0,150,0,29.22,ÆïÐÐ¿¨µÖ¿Û1.5Ôª,[]
1,17636634531692617667353,8643273398,1692617672000,1692619339000,4050,1,0,150,0,197.235,ÆïÐÐ¿¨µÖ¿Û1.5Ôª,[]
1,17636634531692614260570,8643354879,1692614296000,1692614496156,450,1,0,150,0,21.915,ÆïÐÐ¿¨µÖ¿Û1.5Ôª,[]
1,17636634531692579022280,8643241871,1692579024000,1692579835000,1950,1,0,150,0,94.965,ÆïÐÐ¿¨µÖ¿Û1.5Ôª,[]
1,17636634531692575404131,8643358847,1692575409000,1692575656000,600,1,0,150,0,29.22,ÆïÐÐ¿¨µÖ¿Û1.5Ôª,[]
1,17636634531692447551612,8643454241,1692447554000,1692449651000,5100,1,0,300,0,248.37,ÆïÐÐ¿¨µÖ¿Û3Ôª,[]
1,17636634531692413581953,8644033395,1692413584000,1692414059000,1050,1,0,150,0,51.135,ÆïÐÐ¿¨µÖ¿Û1.5Ôª,[]
1,17636634531692360593874,8643303194,1692360597000,1692361627000,2550,1,0,150,0,124.185,ÆïÐÐ¿¨µÖ¿Û1.5Ôª,[]
1,17636634531692881603063,8644070223,1692881604000,1692896004000,36000,1,0,1200,900,1753.2,ÆïÐÐ¿¨µÖ¿Û3Ôª,[]
1,17636634531692878318071,8643361185,1692878353000,1692878626254,600,1,0,150,0,29.22,ÆïÐÐ¿¨µÖ¿Û1.5Ôª,[]
1,17636634531692837555171,8643355185,1692837557000,1692838563000,2400,1,0,150,0,116.88,ÆïÐÐ¿¨µÖ¿Û1.5Ôª,[]
1,17636634531692834423367,8643477393,1692834427000,1692834645000,450,1,0,150,0,21.915,ÆïÐÐ¿¨µÖ¿Û1.5Ôª,[]
1,17636634531692785980831,8643345223,1692785983000,1692786367000,900,1,0,150,0,43.83,ÆïÐÐ¿¨µÖ¿Û1.5Ôª,[]
1,17636634531692751320707,8644048472,1692751321000,1692751738000,900,1,0,150,0,43.83,ÆïÐÐ¿¨µÖ¿Û1.5Ôª,[]
1,17636634531692748042332,8643408589,1692748046000,1692748235000,450,1,0,150,0,21.915,ÆïÐÐ¿¨µÖ¿Û1.5Ôª,[]
1,17636634531692705660397,8644047157,1692705663000,1692706109000,1050,1,0,150,0,51.135,ÆïÐÐ¿¨µÖ¿Û1.5Ôª,[]
1,17636634531692705579804,8644069499,1692705579804,1692705579804,0,1,0,0,0,0.0,,[]
1,17636634531692705563701,8644069499,1692705563701,1692705563701,0,1,0,0,0,0.0,,[]
1,17636634531693308985403,8643250562,1693308988000,1693309477000,1200,1,0,150,0,58.44,ÆïÐÐ¿¨µÖ¿Û1.5Ôª,[]
1,17636634531693270160106,8644008143,1693270161000,1693284561000,36000,1,0,1650,1200,1753.2,ÆïÐÐ¿¨µÖ¿Û4.5Ôª,[]
1,17636634531693266209336,8643446903,1693266212000,1693266479000,600,1,0,150,0,29.22,ÆïÐÐ¿¨µÖ¿Û1.5Ôª,[]
1,17636634531693222339740,8643446903,1693222342000,1693229276000,17250,1,0,850,0,840.075,ÓÅ»ÝµÖ¿Û8.5Ôª,[]
1,17636634531693218497125,8644011039,1693218499000,1693218791000,600,1,0,150,0,29.22,ÆïÐÐ¿¨µÖ¿Û1.5Ôª,[]
1,17636634531693184342585,8643437992,1693184348000,1693184573000,450,1,0,150,0,21.915,ÆïÐÐ¿¨µÖ¿Û1.5Ôª,[]
1,17636634531693143491738,8643422246,1693143494000,1693147858000,10800,1,0,550,0,525.96,ÓÅ»ÝµÖ¿Û5.5Ôª,[]
1,17636634531692958743338,8643348728,1692958746000,1692959174000,1050,1,0,150,0,51.135,ÆïÐÐ¿¨µÖ¿Û1.5Ôª,[]
1,17636634531692924115198,8644006957,1692924116000,1692924501000,900,1,0,150,0,43.83,ÆïÐÐ¿¨µÖ¿Û1.5Ôª,[]
1,17636634531692920903384,8643329888,1692920906000,1692921126000,450,1,0,150,0,21.915,ÆïÐÐ¿¨µÖ¿Û1.5Ôª,[]
1,17636634531693784908137,8643267900,1693784911000,1693785151000,600,1,0,150,0,29.22,ÆïÐÐ¿¨µÖ¿Û1.5Ôª,[]
1,17636634531693545442017,8644048729,1693545442000,1693552376000,17250,1,0,850,400,840.075,ÆïÐÐ¿¨µÖ¿Û4.5Ôª,[]
1,17636634531693482237371,8644527364,1693482241000,1693485733000,8700,1,0,450,0,423.69,ÆïÐÐ¿¨µÖ¿Û4.5Ôª,[]
1,17636634531693478002369,8645560771,1693478004000,1693478200000,450,1,0,150,0,21.915,ÆïÐÐ¿¨µÖ¿Û1.5Ôª,[]
1,17636634531693443759405,8643254400,1693443761000,1693444452000,1650,1,0,150,0,80.355,ÆïÐÐ¿¨µÖ¿Û1.5Ôª,[]
1,17636634531693439138904,8643334198,1693439141000,1693439362000,450,1,0,150,0,21.915,ÆïÐÐ¿¨µÖ¿Û1.5Ôª,[]
1,17636634531693395269419,8643334198,1693395272000,1693402201000,17250,1,0,850,400,840.075,ÆïÐÐ¿¨µÖ¿Û4.5Ôª,[]
1,17636634531693390433090,8644060987,1693390434000,1693390784000,750,1,0,150,0,36.525,ÆïÐÐ¿¨µÖ¿Û1.5Ôª,[]
1,17636634531693352725104,8644024346,1693352760000,1693355477604,6750,1,0,350,0,328.725,ÆïÐÐ¿¨µÖ¿Û3.5Ôª,[]
1,17636634531693313278065,8644024346,1693313281000,1693313744000,1050,1,0,150,0,51.135,ÆïÐÐ¿¨µÖ¿Û1.5Ôª,[]
1,17636634531694047588431,8645254252,1694047590000,1694048049000,1050,1,0,150,0,51.135,ÆïÐÐ¿¨µÖ¿Û1.5Ôª,[]
1,17636634531694043899271,8643439815,1694043934000,1694047355437,8550,1,0,450,0,416.385,ÆïÐÐ¿¨µÖ¿Û4.5Ôª,[]
1,17636634531694001737078,8643990394,1694001740000,1694002509000,1800,1,0,150,0,87.66,ÆïÐÐ¿¨µÖ¿Û1.5Ôª,[]
1,17636634531693997534264,8643335806,1693997536000,1693998374000,1950,1,0,150,0,94.965,ÆïÐÐ¿¨µÖ¿Û1.5Ôª,[]
1,17636634531693959811885,8643299197,1693959814000,1693959929000,150,1,0,150,0,7.305,ÆïÐÐ¿¨µÖ¿Û1.5Ôª,[]
1,17636634531693909867997,8643430576,1693909872000,1693910081000,450,1,0,150,0,21.915,ÆïÐÐ¿¨µÖ¿Û1.5Ôª,[]
1,17636634531693874739103,8645555369,1693874744000,1693875242000,1200,1,0,150,0,58.44,ÆïÐÐ¿¨µÖ¿Û1.5Ôª,[]
1,17636634531693871249357,8643430755,1693871253000,1693871495000,600,1,0,150,0,29.22,ÆïÐÐ¿¨µÖ¿Û1.5Ôª,[]
1,17636634531693828654002,8644063321,1693828689000,1693829207852,1200,1,0,150,0,58.44,ÆïÐÐ¿¨µÖ¿Û1.5Ôª,[]
1,17636634531693789240380,8643360941,1693789243000,1693789505000,600,1,0,150,0,29.22,ÆïÐÐ¿¨µÖ¿Û1.5Ôª,[]
1,17636634531694562424933,8644041588,1694562427000,1694562646000,450,1,0,150,0,21.915,ÆïÐÐ¿¨µÖ¿Û1.5Ôª,[]
1,17636634531694514181705,8644039338,1694514217000,1694515342749,2700,1,0,250,0,131.49,ÆïÐÐ¿¨µÖ¿Û2.5Ôª,[]
1,17636634531694476223347,8645251934,1694476258000,1694477903987,4050,1,0,250,0,197.235,ÆïÐÐ¿¨µÖ¿Û2.5Ôª,[]
1,17636634531694433048725,8645251934,1694433084000,1694433930000,2100,1,0,150,0,102.27,ÆïÐÐ¿¨µÖ¿Û1.5Ôª,[]
1,17636634531694427949515,8645087407,1694427951000,1694428403000,1050,1,0,150,0,51.135,ÆïÐÐ¿¨µÖ¿Û1.5Ôª,[]
1,17636634531694394118621,8643331742,1694394120000,1694394529000,900,1,0,150,0,43.83,ÆïÐÐ¿¨µÖ¿Û1.5Ôª,[]
1,17636634531694389773392,8643354333,1694389776000,1694390026000,600,1,0,150,0,29.22,ÆïÐÐ¿¨µÖ¿Û1.5Ôª,[]
1,17636634531694318597230,8644013567,1694318599000,1694325528000,17250,1,0,850,0,840.075,ÓÅ»ÝµÖ¿Û8.5Ôª,[]
1,17636634531694130437037,8644008193,1694130441000,1694133180000,6750,1,0,350,0,328.725,ÆïÐÐ¿¨µÖ¿Û3.5Ôª,[]
1,17636634531694082386569,8643452302,1694082389000,1694082929000,1350,1,0,150,0,65.745,ÆïÐÐ¿¨µÖ¿Û1.5Ôª,[]
1,17636634531637367357201,8651893466,1637367359000,1637367619000,600,1,0,150,0,29.2,ÆïÐÐ¿¨µÖ¿Û1.5Ôª,[]
1,17636634531637317302019,8653907194,1637317303000,1637317863000,1350,1,0,150,0,65.7,ÆïÐÐ¿¨µÖ¿Û1.5Ôª,[]
1,17636634531637280775588,8652273979,1637280777000,1637281038000,600,1,0,150,0,29.2,ÆïÐÐ¿¨µÖ¿Û1.5Ôª,[]
1,17636634531637231877705,8651165108,1637231880000,1637232040000,300,1,0,150,0,14.6,ÆïÐÐ¿¨µÖ¿Û1.5Ôª,[]
1,17636634531637230561398,8641365988,1637230564000,1637231322000,1800,1,0,150,0,87.6,ÆïÐÐ¿¨µÖ¿Û1.5Ôª,[]
1,17636634531637193814881,8651891321,1637193817000,1637194196000,900,1,0,150,0,43.8,ÆïÐÐ¿¨µÖ¿Û1.5Ôª,[]
1,17636634531637145626220,8651888390,1637145661000,1637145935000,600,1,0,150,0,29.2,ÆïÐÐ¿¨µÖ¿Û1.5Ôª,[]
1,17636634531637144560592,8651888390,1637144596000,1637145024000,1050,1,0,150,0,51.1,ÆïÐÐ¿¨µÖ¿Û1.5Ôª,[]
1,17636634531637107843261,8652279887,1637107845000,1637108175000,750,1,0,150,0,36.5,ÆïÐÐ¿¨µÖ¿Û1.5Ôª,[]
2,17636634531637062197039,8661727381,1637062233000,1637062809264,1310,1,0,250,0,71.3,ÆïÐÐ¿¨µÖ¿Û2.5Ôª,[]
1,17636634531694994368052,8644048955,1694994372000,1694995044000,1650,1,0,150,0,80.355,ÆïÐÐ¿¨µÖ¿Û1.5Ôª,[]
1,17636634531694954258418,8644048955,1694954259000,1694961699000,18600,1,0,950,0,905.82,ÓÅ»ÝµÖ¿Û9.5Ôª,[]
1,17636634531694867505226,8645591135,1694867506000,1694876123000,21450,1,0,1050,600,1044.615,ÆïÐÐ¿¨µÖ¿Û4.5Ôª,[]
1,17636634531694783596346,8645245466,1694783596347,1694790551644,17250,1,0,850,400,840.075,ÆïÐÐ¿¨µÖ¿Û4.5Ôª,[]
1,17636634531694773672347,8645596119,1694773675000,1694774076000,900,1,0,150,0,43.83,ÆïÐÐ¿¨µÖ¿Û1.5Ôª,[]
1,17636634531694735229579,8643446602,1694735233000,1694735504000,600,1,0,150,0,29.22,ÆïÐÐ¿¨µÖ¿Û1.5Ôª,[]
1,17636634531694695385504,8643446602,1694695386000,1694709786000,36000,1,0,1650,1200,1753.2,ÆïÐÐ¿¨µÖ¿Û4.5Ôª,[]
1,17636634531694652613799,8644032075,1694652616000,1694653140000,1200,1,0,150,0,58.44,ÆïÐÐ¿¨µÖ¿Û1.5Ôª,[]
1,17636634531694648793452,8644527550,1694648796000,1694649033000,450,1,0,150,0,21.915,ÆïÐÐ¿¨µÖ¿Û1.5Ôª,[]
1,17636634531694565974745,8645557223,1694566010000,1694566808926,1950,1,0,150,0,94.965,ÆïÐÐ¿¨µÖ¿Û1.5Ôª,[]
1,17636634531695291449865,8645063453,1695291452000,1695291783000,750,1,0,150,0,36.525,ÆïÐÐ¿¨µÖ¿Û1.5Ôª,[]
1,17636634531695253653244,8645522982,1695253688000,1695255584690,4650,1,0,350,0,226.455,ÆïÐÐ¿¨µÖ¿Û3.5Ôª,[]
1,17636634531695216082572,8645522982,1695216087000,1695227350000,28050,1,0,1350,500,1366.035,ÆïÐÐ¿¨µÖ¿Û8.5Ôª,[]
1,17636634531695214149470,8644373437,1695214152000,1695214322000,300,1,0,150,0,14.61,ÆïÐÐ¿¨µÖ¿Û1.5Ôª,[]
1,17636634531695210325913,8645078419,1695210330000,1695210773000,1050,1,0,150,0,51.135,ÆïÐÐ¿¨µÖ¿Û1.5Ôª,[]
1,17636634531695084081756,8645261155,1695084083000,1695084554000,1050,1,0,150,0,51.135,ÆïÐÐ¿¨µÖ¿Û1.5Ôª,[]
1,17636634531695080734994,8645080373,1695080737000,1695080995000,600,1,0,150,0,29.22,ÆïÐÐ¿¨µÖ¿Û1.5Ôª,[]
1,17636634531695047480029,8645080373,1695047481000,1695047695000,450,1,0,150,0,21.915,ÆïÐÐ¿¨µÖ¿Û1.5Ôª,[]
1,17636634531695032128835,8645520879,1695032131000,1695032497000,900,1,0,150,0,43.83,ÆïÐÐ¿¨µÖ¿Û1.5Ôª,[]
1,17636634531694998160529,8645555251,1694998161000,1694998887000,1800,1,0,150,0,87.66,ÆïÐÐ¿¨µÖ¿Û1.5Ôª,[]
1,17636634531697458723371,8645581257,1697458725000,1697459804000,2550,1,0,250,0,124.185,ÆïÐÐ¿¨µÖ¿Û2.5Ôª,[]
1,17636634531697452405917,8645581257,1697452410000,1697458713000,15750,1,0,750,0,767.025,ÆïÐÐ¿¨µÖ¿Û7.5Ôª,[]
1,17636634531695723306016,8645554999,1695723341000,1695730050466,16650,1,0,850,0,810.855,ÆïÐÐ¿¨µÖ¿Û8.5Ôª,[]
1,17636634531695685495287,8645602664,1695685497000,1695685749000,600,1,0,150,0,29.22,ÆïÐÐ¿¨µÖ¿Û1.5Ôª,[]
1,17636634531695651387070,8645602664,1695651387000,1695658445000,17550,1,0,850,0,854.685,ÆïÐÐ¿¨µÖ¿Û8.5Ôª,[]
1,17636634531695651361794,8645602664,1695651364000,1695651371000,0,1,0,0,0,0.0,,[]
1,17636634531695604895283,8643250980,1695604901000,1695605206000,750,1,0,150,0,36.525,ÆïÐÐ¿¨µÖ¿Û1.5Ôª,[]
1,17636634531695339940758,8643451201,1695339944000,1695340200000,600,1,0,150,0,29.22,ÆïÐÐ¿¨µÖ¿Û1.5Ôª,[]
1,17636634531695309500485,8643462788,1695309503000,1695323903000,36000,1,0,1650,800,1753.2,ÆïÐÐ¿¨µÖ¿Û8.5Ôª,[]
1,17636634531695295865100,8643451201,1695295871000,1695302801722,17250,1,0,850,0,840.075,ÆïÐÐ¿¨µÖ¿Û8.5Ôª,[]
1,17636634531694994368052,8644048955,1694994372000,1694995044000,1650,1,0,150,0,80.355,ÆïÐÐ¿¨µÖ¿Û1.5Ôª,[]
1,17636634531694954258418,8644048955,1694954259000,1694961699000,18600,1,0,950,0,905.82,ÓÅ»ÝµÖ¿Û9.5Ôª,[]
1,17636634531694867505226,8645591135,1694867506000,1694876123000,21450,1,0,1050,600,1044.615,ÆïÐÐ¿¨µÖ¿Û4.5Ôª,[]
1,17636634531694783596346,8645245466,1694783596347,1694790551644,17250,1,0,850,400,840.075,ÆïÐÐ¿¨µÖ¿Û4.5Ôª,[]
1,17636634531694773672347,8645596119,1694773675000,1694774076000,900,1,0,150,0,43.83,ÆïÐÐ¿¨µÖ¿Û1.5Ôª,[]
1,17636634531694735229579,8643446602,1694735233000,1694735504000,600,1,0,150,0,29.22,ÆïÐÐ¿¨µÖ¿Û1.5Ôª,[]
1,17636634531694695385504,8643446602,1694695386000,1694709786000,36000,1,0,1650,1200,1753.2,ÆïÐÐ¿¨µÖ¿Û4.5Ôª,[]
1,17636634531694652613799,8644032075,1694652616000,1694653140000,1200,1,0,150,0,58.44,ÆïÐÐ¿¨µÖ¿Û1.5Ôª,[]
1,17636634531694648793452,8644527550,1694648796000,1694649033000,450,1,0,150,0,21.915,ÆïÐÐ¿¨µÖ¿Û1.5Ôª,[]
1,17636634531694565974745,8645557223,1694566010000,1694566808926,1950,1,0,150,0,94.965,ÆïÐÐ¿¨µÖ¿Û1.5Ôª,[]
1,17636634531695291449865,8645063453,1695291452000,1695291783000,750,1,0,150,0,36.525,ÆïÐÐ¿¨µÖ¿Û1.5Ôª,[]
1,17636634531695253653244,8645522982,1695253688000,1695255584690,4650,1,0,350,0,226.455,ÆïÐÐ¿¨µÖ¿Û3.5Ôª,[]
1,17636634531695216082572,8645522982,1695216087000,1695227350000,28050,1,0,1350,500,1366.035,ÆïÐÐ¿¨µÖ¿Û8.5Ôª,[]
1,17636634531695214149470,8644373437,1695214152000,1695214322000,300,1,0,150,0,14.61,ÆïÐÐ¿¨µÖ¿Û1.5Ôª,[]
1,17636634531695210325913,8645078419,1695210330000,1695210773000,1050,1,0,150,0,51.135,ÆïÐÐ¿¨µÖ¿Û1.5Ôª,[]
1,17636634531695084081756,8645261155,1695084083000,1695084554000,1050,1,0,150,0,51.135,ÆïÐÐ¿¨µÖ¿Û1.5Ôª,[]
1,17636634531695080734994,8645080373,1695080737000,1695080995000,600,1,0,150,0,29.22,ÆïÐÐ¿¨µÖ¿Û1.5Ôª,[]
1,17636634531695047480029,8645080373,1695047481000,1695047695000,450,1,0,150,0,21.915,ÆïÐÐ¿¨µÖ¿Û1.5Ôª,[]
1,17636634531695032128835,8645520879,1695032131000,1695032497000,900,1,0,150,0,43.83,ÆïÐÐ¿¨µÖ¿Û1.5Ôª,[]
1,17636634531694998160529,8645555251,1694998161000,1694998887000,1800,1,0,150,0,87.66,ÆïÐÐ¿¨µÖ¿Û1.5Ôª,[]
1,17636634531697458723371,8645581257,1697458725000,1697459804000,2550,1,0,250,0,124.185,ÆïÐÐ¿¨µÖ¿Û2.5Ôª,[]
1,17636634531697452405917,8645581257,1697452410000,1697458713000,15750,1,0,750,0,767.025,ÆïÐÐ¿¨µÖ¿Û7.5Ôª,[]
1,17636634531695723306016,8645554999,1695723341000,1695730050466,16650,1,0,850,0,810.855,ÆïÐÐ¿¨µÖ¿Û8.5Ôª,[]
1,17636634531695685495287,8645602664,1695685497000,1695685749000,600,1,0,150,0,29.22,ÆïÐÐ¿¨µÖ¿Û1.5Ôª,[]
1,17636634531695651387070,8645602664,1695651387000,1695658445000,17550,1,0,850,0,854.685,ÆïÐÐ¿¨µÖ¿Û8.5Ôª,[]
1,17636634531695651361794,8645602664,1695651364000,1695651371000,0,1,0,0,0,0.0,,[]
1,17636634531695604895283,8643250980,1695604901000,1695605206000,750,1,0,150,0,36.525,ÆïÐÐ¿¨µÖ¿Û1.5Ôª,[]
1,17636634531695339940758,8643451201,1695339944000,1695340200000,600,1,0,150,0,29.22,ÆïÐÐ¿¨µÖ¿Û1.5Ôª,[]
1,17636634531695309500485,8643462788,1695309503000,1695323903000,36000,1,0,1650,800,1753.2,ÆïÐÐ¿¨µÖ¿Û8.5Ôª,[]
1,17636634531695295865100,8643451201,1695295871000,1695302801722,17250,1,0,850,0,840.075,ÆïÐÐ¿¨µÖ¿Û8.5Ôª,[]
1,17636634531695291449865,8645063453,1695291452000,1695291783000,750,1,0,150,0,36.525,ÆïÐÐ¿¨µÖ¿Û1.5Ôª,[]
1,17636634531695253653244,8645522982,1695253688000,1695255584690,4650,1,0,350,0,226.455,ÆïÐÐ¿¨µÖ¿Û3.5Ôª,[]
1,17636634531695216082572,8645522982,1695216087000,1695227350000,28050,1,0,1350,500,1366.035,ÆïÐÐ¿¨µÖ¿Û8.5Ôª,[]
1,17636634531695214149470,8644373437,1695214152000,1695214322000,300,1,0,150,0,14.61,ÆïÐÐ¿¨µÖ¿Û1.5Ôª,[]
1,17636634531695210325913,8645078419,1695210330000,1695210773000,1050,1,0,150,0,51.135,ÆïÐÐ¿¨µÖ¿Û1.5Ôª,[]
1,17636634531695084081756,8645261155,1695084083000,1695084554000,1050,1,0,150,0,51.135,ÆïÐÐ¿¨µÖ¿Û1.5Ôª,[]
1,17636634531695080734994,8645080373,1695080737000,1695080995000,600,1,0,150,0,29.22,ÆïÐÐ¿¨µÖ¿Û1.5Ôª,[]
1,17636634531695047480029,8645080373,1695047481000,1695047695000,450,1,0,150,0,21.915,ÆïÐÐ¿¨µÖ¿Û1.5Ôª,[]
1,17636634531695032128835,8645520879,1695032131000,1695032497000,900,1,0,150,0,43.83,ÆïÐÐ¿¨µÖ¿Û1.5Ôª,[]
1,17636634531694998160529,8645555251,1694998161000,1694998887000,1800,1,0,150,0,87.66,ÆïÐÐ¿¨µÖ¿Û1.5Ôª,[]
1,17636634531639613720208,8653908341,1639613721000,1639614024000,750,1,0,150,0,36.5,ÆïÐÐ¿¨µÖ¿Û1.5Ôª,[]
1,17636634531639563015077,8653908341,1639563017000,1639563362000,750,1,0,150,0,36.5,ÆïÐÐ¿¨µÖ¿Û1.5Ôª,[]
1,17636634531639527233504,8651694635,1639527235000,1639527568000,750,1,0,150,0,36.5,ÓÅ»ÝµÖ¿Û1.5Ôª,[]
1,17636634531639473711596,8651694635,1639473713000,1639474218000,1200,1,0,150,0,58.4,ÆïÐÐ¿¨µÖ¿Û1.5Ôª,[]
1,17636634531639473693077,8640131706,1639473693000,1639473701000,0,1,0,0,0,0.0,,[]
2,17636634531637578858742,8661406461,1637578895000,1637580763914,6360,1,0,400,150,346.6,ÆïÐÐ¿¨µÖ¿Û2.5Ôª,[]
1,17636634531637578760341,8641010935,1637578762000,1637578841000,150,1,0,150,0,7.3,ÆïÐÐ¿¨µÖ¿Û1.5Ôª,[]
1,17636634531637575797321,8641010935,1637575799000,1637576215000,900,1,0,150,0,43.8,ÆïÐÐ¿¨µÖ¿Û1.5Ôª,[]
1,17636634531637540156701,8640999063,1637540158000,1637540472000,750,1,0,150,0,36.5,ÆïÐÐ¿¨µÖ¿Û1.5Ôª,[]
1,17636634531637402805510,8641749654,1637402808000,1637403492000,1650,1,0,150,0,80.3,ÆïÐÐ¿¨µÖ¿Û1.5Ôª,[]
